Team,Season,Goals,xG,Total shots,Shots on target,SOT %,Total passes,Accurate passes,Pass accuracy %,Possession,Total losses,Low losses,Med Losses,High losses,Total recoveries,Low recoveries,Med recoveries,High recoveries,Total duels,Duels won,Duels success %,Total shots outside box,SOT outside box,SOT outside box %,Total positional attacks,Positional attacks leading to shot,Positional attacks leading to shot %,Total counterattacks,Counterattacks leading to shot,Counterattacks leading to shot %,Total set pieces,Total set pieces with shots,Set piece shot %,Total corners,Total corners with shots,Corner shot %,Total free kicks,Total free kicks with shots,Free kick shot %,Total penalties,Penalties scored,Penalty conversion %,Total crosses,Successful crosses,Cross accuracy %,Deep completed crosses,Deep completed passes,Total box entries,Box entry via run,Box entry via cross,Penalty area touches,Total offensive duels,Offensive duels won,Offensive duels success %,Offsides,Conceded goals,Total shots against,SOT against,SOT against %,Total Def duels,Successful def duels,Def duel success %,Total aerial duels,Successful aerial duels,Aerial duel success %,Total sliding tackles,Successful sliding tackles,Sliding tackle success %,Interceptions,Clearances,Fouls,Yellow cards,Red cards,Total forward passes,Successful forward passes,Forward pass success %,Total back passes,Successful back passes,Back pass success %,Total lateral passes,Successful lateral passes,Lateral pass success %,Total long passes,Successful long passes,Long pass success %,Total final third passes,Successful final third passes,Final third pass success %,Total progressive passes,Successful progressive passes,Progressive pass success %,Total smart passes,Successful smart passes,Smart pass success %,Total throws in,Accurate throw ins,Throw in success %,Goal kicks,Match tempo,Average passes per possession,Long pass %,Average shot distance,Average pass length,PPDA,Oppo Goals,Oppo xG,Oppo Total shots,Oppo Shots on target,Oppo SOT %,Oppo Total passes,Oppo Accurate passes,Oppo Pass accuracy %,Oppo Possession,Oppo Total losses,Oppo Low losses,Oppo Med Losses,Oppo High losses,Oppo Total recoveries,Oppo Low recoveries,Oppo Med recoveries,Oppo High recoveries,Oppo Total duels,Oppo Duels won,Oppo Duels success %,Oppo Total shots outside box,Oppo SOT outside box,Oppo SOT outside box %,Oppo Total positional attacks,Oppo Positional attacks leading to shot,Oppo Positional attacks leading to shot %,Oppo Total counterattacks,Oppo Counterattacks leading to shot,Oppo Counterattacks leading to shot %,Oppo Total set pieces,Oppo Total set pieces with shots,Oppo Set piece shot %,Oppo Total corners,Oppo Total corners with shots,Oppo Corner shot %,Oppo Total free kicks,Oppo Total free kicks with shots,Oppo Free kick shot %,Oppo Total penalties,Oppo Penalties scored,Oppo Penalty conversion %,Oppo Total crosses,Oppo Successful crosses,Oppo Cross accuracy %,Oppo Deep completed crosses,Oppo Deep completed passes,Oppo Total box entries,Oppo Box entry via run,Oppo Box entry via cross,Oppo Penalty area touches,Oppo Total offensive duels,Oppo Offensive duels won,Oppo Offensive duels success %,Oppo Offsides,Oppo Conceded goals,Oppo Total shots against,Oppo SOT against,Oppo SOT against %,Oppo Total Def duels,Oppo Successful def duels,Oppo Def duel success %,Oppo Total aerial duels,Oppo Successful aerial duels,Oppo Aerial duel success %,Oppo Total sliding tackles,Oppo Successful sliding tackles,Oppo Sliding tackle success %,Oppo Interceptions,Oppo Clearances,Oppo Fouls,Oppo Yellow cards,Oppo Red cards,Oppo Total forward passes,Oppo Successful forward passes,Oppo Forward pass success %,Oppo Total back passes,Oppo Successful back passes,Oppo Back pass success %,Oppo Total lateral passes,Oppo Successful lateral passes,Oppo Lateral pass success %,Oppo Total long passes,Oppo Successful long passes,Oppo Long pass success %,Oppo Total final third passes,Oppo Successful final third passes,Oppo Final third pass success %,Oppo Total progressive passes,Oppo Successful progressive passes,Oppo Progressive pass success %,Oppo Total smart passes,Oppo Successful smart passes,Oppo Smart pass success %,Oppo Total throws in,Oppo Accurate throw ins,Oppo Throw in success %,Oppo Goal kicks,Oppo Match tempo,Oppo Average passes per possession,Oppo Long pass %,Oppo Average shot distance,Oppo Average pass length,Oppo PPDA,Through balls
Aveley,24/25,1.08,1.11,9.96,3.46,34.75,242.65,164.58,67.82,42.2,129.62,27.96,43.62,58.04,84.38,40.88,30.38,13.12,236.85,111.23,46.96,4.35,1.15,26.55,26.65,6.38,23.95,0.42,0.27,63.64,22.5,2.62,11.62,4.46,1.12,25,3.46,0.81,23.33,0.12,0.08,66.67,10.12,3.31,32.7,3.27,3.92,16.77,2.69,5.23,13.12,66.38,22.15,33.37,1.54,1.81,13.15,5.23,39.77,67.69,45.81,67.67,64.77,28.5,44,2,0.96,48.08,41.31,19.65,10.58,1.62,0.15,114.19,62.62,54.83,34.92,31.69,90.75,61.08,47.92,78.46,52.27,21.65,41.43,50.69,25.96,51.21,61.19,37.69,61.6,0.77,0.38,50,28.54,21.42,75.07,10.88,13.49,2.24,22.12,18.61,22.96,11.98,1.81,1.75,13.15,4.96,37.72,370.5,282.31,76.2,57.8,125,22.04,41.12,61.85,89.54,40.15,36.88,12.5,236.85,110.96,46.85,4.5,1.27,28.21,33.62,8.31,24.71,0.42,0.19,45.45,24.5,4.19,17.11,6,2.23,37.18,2.77,0.69,25,0.27,0.12,42.86,19.69,6.15,31.25,6.5,6.88,28.04,3.73,12.65,19.35,67.69,21.88,32.33,1.58,1.08,9.96,3.69,37.07,66.38,44.23,66.63,64.77,30.23,46.67,1.73,0.92,53.33,37.5,16.27,9.08,1.38,0,142.46,91.5,64.23,51.85,48.23,93.03,130.77,109.5,83.74,61.65,31.27,50.72,62.19,36.31,58.38,79.5,55.88,70.3,0.88,0.35,39.13,27.12,23.65,87.23,7.81,14.61,3.29,17.95,16.68,22.35,8.4,3.03
Bath City,24/25,1.04,1.07,8.64,3.16,36.98,306.52,209.28,66.79,48.58,148.2,26.64,53.6,67.96,104.36,50.08,42.2,12.08,261.36,124.88,48.02,3.6,1.32,41.25,26.96,5.28,19.83,0.88,0.56,34,21.72,2.36,10.88,3.92,1.2,25.55,2.68,0.64,24.13,0.08,0.04,4,13.36,3.76,28.06,3.68,3.8,20,2.52,8.72,11.48,67.04,20.4,30.36,1.88,0.84,10.24,3.76,37.14,73.04,50.76,69.54,75.88,36,47,3.08,1.6,47.4,45.32,24.68,9.28,1.68,0.08,143.84,79.2,54.63,42.32,38.44,90.29,82.32,65,75.77,73.16,32.32,44.35,62.28,29.24,46.45,74.08,46.32,62.03,0.72,0.28,14.8,27.24,23.32,84.82,9.04,13.86,2.63,25.05,19.23,23.04,9.6,0.84,1.18,10.24,3.48,32.86,342.92,247.64,70.66,51.42,151.08,22.6,54.48,74,105.88,48.92,41.44,15.52,261.36,120.64,46.09,3.76,0.76,14.37,34,6.76,20.21,0.36,0.16,14,22.6,2.92,13.06,5.32,1.24,23.67,2.48,0.44,18,0.08,0.04,4,16.2,4.6,28.56,4.6,6.24,23.68,3.44,8.84,16.24,73.04,22.28,30.46,2.32,1.04,8.64,3.4,40.03,67.04,46.64,69.64,75.92,33.84,45.26,2.28,1.16,46.13,38.24,17.12,8.52,1.84,0.04,152.2,91.32,59.22,48.76,44.96,91.6,98.08,80.84,80.38,67.96,32.48,47.86,66.04,36.6,54.87,81.52,56.92,69.04,1.04,0.48,19.07,33.12,27.96,84.46,8.2,14.64,2.91,21.07,17.99,22.7,8.89,3.33
Boreham Wood,24/25,1.87,1.67,13.87,4.9,35.15,451.37,355.53,77.79,56.79,139.93,20.5,47.63,71.8,104.4,44.7,43,16.7,238.73,113.07,47.32,5.63,1.47,24.72,36.03,9.67,26.88,0.53,0.40,21.56,22.03,3.43,14.78,6.97,1.97,26.49,1.63,0.27,14.44,0.13,0.13,13.33,21.17,6.83,30.23,6.4,9.8,32.37,4.53,13.03,22.7,73.23,23.13,31.63,2.9,0.93,9.47,3.37,35.81,67.1,44.6,66.53,61.93,30.23,48.66,1.3,0.67,46.39,37.5,17.57,9.83,1.17,0.07,178.27,119.43,66.54,71.17,67,94.06,143.63,123.03,84.06,66.93,34.7,51.71,72.27,42.1,57.63,91.4,68.33,74.18,1.4,0.5,20.22,28.47,23.63,83.77,7.6,16.23,3.91,15.48,17.51,21.14,9.39,0.93,0.91,9.47,3.3,35.36,302.87,219.07,70.55,43.21,139.6,28.63,50.9,60.07,92.53,44.93,36.57,11.03,238.73,113.57,47.69,5.07,1.23,26.08,27.3,6.37,22.37,0.47,0.30,19.44,24.1,2.27,9.11,3.6,0.83,22.9,3.33,0.63,21.39,0.03,0,0,12.27,3.23,27.22,3.3,4.87,18.67,2.8,7.27,12.27,67.07,22.47,33.44,0.6,1.87,13.87,5.17,37.55,73.27,50.1,68.33,61.93,26.7,43.54,2.77,1.43,45.33,48.7,22.1,7.63,1.33,0.1,133.97,80.33,59.12,45.4,41.53,91.29,82.3,66.27,78.02,55.83,26.33,47.23,53.4,28.8,53.31,70.7,46.5,65.38,0.3,0.1,8.33,25.13,20.43,81.14,10.73,14.21,2.7,19.99,19.33,21.87,14.14,4.31
Chelmsford City,24/25,1.57,1.44,11.14,4,35.9,293.17,198.86,67.83,46.49,147,25.37,53.8,67.83,102.8,49.03,40.46,13.31,265.83,128.37,48.29,4.29,0.83,19.33,31.09,7.66,24.63,0.66,0.34,52.17,22.94,2.86,12.45,5.06,1.14,22.6,2.4,0.86,35.71,0.09,0.09,100,15.86,5,31.53,5.29,6.86,26.11,3.26,9.94,17.09,75.23,25.54,33.95,2.91,1.4,12.63,4.51,35.75,79.83,53.31,66.79,70.63,32.94,46.64,2.57,1.31,51.11,45.06,17,11.03,1.97,0.06,139.66,78.83,56.44,37.03,33.97,91.74,81.03,61.89,76.38,64.8,29.89,46.12,59.31,29.6,49.9,76.66,50.57,65.97,1.26,0.66,52.27,29.8,24.03,80.63,10.03,14.19,2.5,22.37,17.58,23.13,9.12,1.4,1.36,12.63,4.34,34.39,350.49,253.14,72.23,53.51,145.26,23.2,52.4,69.66,103.86,46.06,43.83,13.97,265.83,123.29,46.38,5.66,1.69,29.8,30.31,7.69,25.35,0.17,0.09,50,26.77,4.03,15.05,5.26,1.94,36.96,3.43,0.8,23.33,0.14,0.09,60,14.74,4.23,28.68,4.17,6.11,24.03,2.94,8.23,16.37,79.83,26.51,33.21,1.57,1.57,11.14,4.23,37.95,75.23,49.69,66.05,70.63,31.51,44.62,2.89,1.63,56.44,43.71,16.94,8.97,1.51,0.06,154.71,93.54,60.46,49,44.54,90.9,102.09,82.54,80.86,69.26,32.6,47.07,67.74,36.2,53.44,80.17,53.69,66.96,0.89,0.29,32.26,28.31,23.14,81.74,9.6,14.42,2.87,20.79,19.45,22.65,7.67,4.04
Chesham Utd,24/25,1.34,1.35,11.11,4.39,39.47,291.32,204.43,70.17,46.73,137.05,21.18,47.98,67.89,94.68,39.86,38.66,16.16,243.5,113.43,46.58,3.84,1.2,31.36,30.64,7.11,23.22,0.43,0.25,57.89,22.14,3.30,14.89,5.27,1.5,28.45,3.23,0.98,30.28,0.2,0.14,66.67,13.93,4.5,32.3,4.34,6.61,21.73,2.95,7.98,18.36,62.02,18.77,30.27,2.05,1.52,10.34,4.14,40,67.27,45.7,67.94,76.09,33.3,43.76,2.41,1.34,55.66,38.64,16.48,8.93,1.52,0.14,131.16,75.98,57.93,41.14,37.3,90.66,81.61,65.07,79.73,61.02,28.59,46.85,58.75,30.86,52.53,69.64,47.43,68.11,0.82,0.32,38.89,27.34,21.55,78.8,8.09,14.02,2.67,22,17.86,22.95,10.43,1.52,1.37,10.34,3.93,38.02,352.14,265.68,75.45,53.27,136.91,27.64,49.5,59.77,96.2,46.68,37.89,11.64,243.5,115.23,47.32,3.91,1.05,26.74,27.61,6.41,23.21,0.82,0.52,63.89,21.95,2.84,12.94,4.61,1.41,30.54,2.55,0.59,23.21,0.2,0.18,88.89,13.77,4.66,33.83,4.55,6.14,21.77,2.93,8.75,14.55,67.32,21.61,32.11,1.25,1.34,11.11,4.55,40.9,62.02,43.23,69.7,76.05,36.43,47.91,1.86,0.95,51.22,42.39,22.3,9.59,1.32,0.11,141.7,88.05,62.13,52.16,47.98,91.98,113.09,95.8,84.71,58.39,28,47.96,59.18,33.39,56.41,76.43,51.32,67.14,0.66,0.36,55.17,25.77,21.05,81.66,8.3,14.54,3.26,18.26,17.78,21.77,8.26,3.28
Chippenham Town,24/25,1,0.99,9.86,3.21,32.61,437.29,359.14,82.13,55.42,115.86,23.5,40.93,51.43,84.36,43.21,30.93,10.21,227.5,107.57,47.28,4.71,1.07,22.73,27.79,6.43,23.14,0.43,0.14,33.33,26.14,2.64,10.11,3.5,0.57,16.33,2.57,0.43,16.67,0.07,0.07,100,13.14,3.21,24.46,3.43,7.5,22.86,3.5,8.57,16,80.86,27.57,34.1,1.79,1.29,11.29,4,35.44,71.07,45.5,64.02,48.21,23.29,48.3,2.36,1.5,63.64,38.57,17.71,8,1.5,0.07,146.36,102.86,70.28,78,72.57,93.04,158.93,139.57,87.82,68.43,39.5,57.72,56.64,35.57,62.8,83.36,58.79,70.52,1.684,4.21,40,23.21,20.71,89.23,10.21,15.56,4.03,16.2,18.95,21.93,12.24,1.29,1.45,11.29,3.64,32.28,344.79,268.71,77.94,44.58,112.29,18.5,34.5,59.29,81.57,33.36,34.71,13.5,227.5,110.43,48.54,3.5,0.93,26.53,31.79,7.57,23.82,0.43,0.36,83.33,22.79,2.86,12.54,6.29,1.43,22.73,2.36,0.36,15.15,0.07,0.07,100,18.86,5.86,31.06,5.29,7.64,26.5,4.93,10.86,22.43,71.07,25.57,35.98,2.29,1,9.86,3.57,36.23,80.79,53.29,65.96,48.29,21.36,44.23,2.5,1.14,45.71,37.07,14.86,10.64,2,0.07,126.36,83.93,66.42,51.07,47,92.03,121.64,105,86.32,49.86,25.07,50.29,59.93,35.71,59.59,71.71,51.86,72.31,0.93,0.43,46.15,24,20,83.33,8.29,14.96,3.25,15.06,17.48,22.69,12.14,4.14
Dorking Wanderers,24/25,1.96,1.69,13.3,4.76,35.78,411.13,322.28,78.39,58.19,128.76,21.48,41.89,65.39,95.8,43.17,36.22,16.41,257.48,123.41,47.93,4.17,1.07,25.52,38.67,9.11,23.55,0.41,0.28,68.42,23.41,3.70,15.78,6.09,1.72,28.21,3.11,0.76,24.48,0.09,0.07,75,22,7.13,32.41,7,6.65,27.8,4.63,13.52,21.72,77.33,25.57,33.06,1.8,1.24,9.54,3.5,36.67,70.87,48.07,67.82,68.93,33.63,48.79,2.37,1.33,55.96,35.61,16.72,10.39,1.76,0.17,150.78,101.02,67,64.15,59.43,92.65,143.22,123.07,85.93,61.41,33.26,54.16,58.33,34.72,59.52,78.24,55.15,70.49,0.76,0.33,42.86,29.72,25.7,86.47,7.76,15.11,3.57,15.69,16.58,21.67,8.1,1.24,0.96,9.54,3.43,35.99,269.46,191.09,70.92,41.81,131.7,29.65,43.59,58.46,87.85,44.61,31.3,11.93,257.48,118.26,45.93,4.67,1.24,26.51,25.57,6.24,24.4,0.52,0.24,45.83,23.98,2.37,9.88,4.15,1,24.08,2.83,0.52,18.46,0.11,0.07,60,10.52,3.39,32.23,3.63,5.22,19.7,3.02,6.59,12,70.83,22.76,32.14,1.28,1.96,13.3,5,37.58,77.37,51.76,66.9,68.93,28.89,41.91,2.63,1.41,53.72,45.3,23.93,9.26,1.52,0.13,121.2,71.09,58.65,40.28,36.33,90.18,73.28,59.04,80.57,57.07,27.02,47.35,50.46,26.15,51.83,67,43.39,64.76,0.54,0.28,52,25.65,21.17,82.54,9.7,13.87,2.44,22.11,19.97,22.67,13.32,2.62
Eastbourne Borough,24/25,1.4,1.4,10.43,3.96,37.96,311.53,227.49,73.02,51.95,128.34,24.13,41.7,62.51,94.64,44.04,37.02,13.57,247.11,114.11,46.18,4.15,1.02,24.62,28.79,6.32,21.95,0.81,0.45,55.26,23.19,3.06,13.21,5.45,1.4,25.78,3.32,0.62,18.59,0.13,0.09,66.67,16.28,4.85,29.8,5.04,4.74,22.66,3.19,9.74,15.09,65.15,22.45,34.45,2,1,10.66,3.77,35.33,67.3,43.36,64.43,68.57,30.87,45.02,2.87,1.68,58.52,39.4,20.26,12.43,2.17,0.19,129.11,78.11,60.5,41.64,37.85,90.9,101.79,83.74,82.27,63.6,31.66,49.78,57.38,30.3,52.8,70.09,47.34,67.55,0.72,0.3,41.18,25.91,20.72,79.97,7.74,13.56,2.8,21.41,17.87,23.25,8.12,1,1.19,10.66,3.53,33.13,292.94,209.94,71.67,48.05,133,25.19,46.89,60.91,92.94,44.72,34.21,14,247.11,116.57,47.18,4.62,1.09,23.5,28.11,6.28,22.33,0.6,0.23,39.29,26.02,3.57,13.74,4.81,1.77,36.73,3.57,0.79,22.02,0.11,0.11,100,13.6,4.23,31.14,4.23,5.15,20.57,3.4,7.47,15.21,67.3,23.91,35.54,1.85,1.4,10.43,4.17,40,65.15,42.7,65.55,68.57,31.62,46.11,2.4,1.34,55.75,41.79,19.66,9.89,1.74,0.11,128.28,76.77,59.84,41.89,38.36,91.57,83.26,66.83,80.27,59.66,27.47,46.04,52.55,26.89,51.17,67.09,43.15,64.32,0.87,0.36,41.46,28.21,22.96,81.37,9,13.75,2.56,21.65,18.66,22.71,10.92,4.37
Enfield Town,24/25,1.03,1.11,10.09,3.45,34.23,305.24,216.42,70.9,44.97,140.18,26.88,48.88,64.42,94.79,47.85,35.58,11.36,249.12,117.12,47.01,4.91,1.42,29.01,28.64,7.03,24.55,0.27,0.15,55.56,23.36,2.36,10.12,3.97,1.03,25.95,2.58,0.52,20,0.15,0.15,100,15.82,4.79,30.27,5.09,3.91,20.79,1.73,10.24,11.88,65.12,21.58,33.13,1.82,1.94,13.7,5.82,42.48,75.15,49.33,65.65,73.21,31.97,43.67,2.61,1.61,61.63,42,22.3,8.97,1.42,0.09,135.36,78.55,58.03,43.36,40.21,92.73,86.21,68.58,79.54,62.58,27.7,44.26,56.12,27.42,48.87,71.55,46.36,64.8,0.42,0.12,28.57,27.06,22.03,81.41,10.03,14.63,2.64,21.56,19.46,23.08,12.75,1.94,1.71,13.7,5.55,40.49,384.58,292.94,76.17,55.03,137.73,22.39,45.03,70.3,98.18,44.36,39.55,14.27,249.12,118.58,47.6,5.64,1.76,31.18,35.82,9.27,25.89,0.64,0.30,47.62,22.15,3.36,15.18,5,1.45,29.09,3.09,0.73,23.53,0.21,0.18,85.71,17.33,5.88,33.92,6.09,8.36,27.7,3.88,10.45,18.67,75.12,25.79,34.33,2.52,1.03,10.09,3.67,36.34,65.15,43.55,66.84,73.21,35.06,47.89,2.82,1.7,60.22,38.94,18.06,9,1.18,0.06,159.12,101.73,63.93,55.42,51.97,93.77,121.18,101.88,84.07,66.73,33.03,49.5,69.33,39.55,57.04,84.39,60.42,71.6,1.33,0.52,38.64,28.45,23.94,84.13,7.76,14.83,3.31,19.05,18.2,22.75,9.47,2.99
Farnborough,24/25,1.4,1.5,13.77,4.63,33.66,300.9,222.3,73.88,50.03,127.93,20.97,42.83,64.13,90.63,40.8,36.3,13.53,250.43,118.73,47.41,6.4,1.63,25.52,33.13,8.33,25.15,0.57,0.37,64.71,22.5,4.13,18.37,5.57,1.8,32.34,2.03,0.57,27.87,0.17,0.1,60,12.97,3.1,23.91,3.37,6.7,23.2,5.17,6.37,19.37,78.7,28.17,35.79,2.17,1.5,10.73,4.17,38.82,68.6,47.37,69.05,67.57,28.43,42.08,3.23,1.9,58.76,35.8,15.8,9.77,1.67,0.03,130.6,84.23,64.5,42.77,38.83,90.8,86.47,70.43,81.46,50.3,23.4,46.52,57.67,33.93,58.84,67.83,48.1,70.91,1.53,0.5,32.61,26.6,20.67,77.69,7.6,13.85,2.71,17.46,18.9,22.42,9.03,1.5,1.22,10.73,3.97,36.96,307.17,228.1,74.26,49.97,128.4,24.27,47.27,56.87,86.33,42.7,32.83,10.8,250.43,117.9,47.08,4.53,1.33,29.41,27.07,6.7,24.75,1.03,0.63,61.29,24.7,3.00,12.15,4.43,1.17,26.32,2.83,0.9,31.76,0.03,0.03,100,11.93,3.97,33.24,3.77,4.6,19.6,2.6,7.3,13,68.6,21.23,30.95,1.9,1.4,13.77,4.83,35.11,78.7,50.53,64.21,67.57,32.63,48.3,3.3,1.93,58.59,38.1,18.27,9.8,1.53,0.1,129.5,79.27,61.21,47.07,43.33,92.07,91.3,76.13,83.39,58.17,28.1,48.31,53.1,29.37,55.3,72.1,48.57,67.36,1.4,0.67,47.62,26.13,22.3,85.33,10.97,14,2.84,20.47,18.24,22.91,9.06,3.31
Hampton & Richmond,24/25,1.21,1.3,11.26,4.05,35.94,445.95,359.55,80.62,57.76,124.29,24.76,47.31,52.21,89.79,47.95,30.71,11.12,245.48,116.69,47.54,4.86,1.43,29.41,27.5,7.05,25.63,0.6,0.31,52,25.93,3.12,12.03,4.31,1.14,26.52,1.9,0.52,27.5,0.21,0.12,55.56,14.95,4.4,29.46,4.29,6.4,23.81,4.29,8.36,15.9,88.07,29.79,33.82,1.98,1.43,11.4,4.43,38.83,73.02,49.79,68.18,51.98,23.38,44.98,3.76,2,53.16,42.33,17.19,8.45,1.43,0.05,164.14,113.14,68.93,67.71,62.98,93,155.33,136.48,87.86,54.98,26.74,48.64,55.81,33.02,59.17,80.6,53.48,66.35,1.29,0.5,38.89,25.21,23.62,93.67,9.64,15.35,3.95,13.04,18.92,20.65,8.48,1.45,1.4,11.4,4.31,37.79,306.62,227.71,74.27,42.24,121.64,18.98,38.36,64.31,89.33,37.4,37.26,14.67,245.48,117.33,47.8,4.24,1.14,26.97,34.05,7.5,22.03,0.5,0.31,61.9,22.29,3.12,14,5.52,1.38,25,2.43,0.57,23.53,0.17,0.17,100,15.88,4.14,26.09,4.36,6.62,24.05,3.93,8.69,17.9,73,23.21,31.8,2.12,1.21,11.26,4.21,37.42,88.07,58.29,66.18,52,23.86,45.88,3.67,1.98,53.9,38.43,13.69,10.74,1.76,0.05,126.5,80.88,63.94,46.6,43.07,92.44,89.33,71.83,80.41,55.48,28.12,50.69,57.12,32.45,56.82,68.74,49.71,72.32,1,0.33,33.33,27.55,23.26,84.44,7.9,14.4,2.77,19.05,18.22,22.32,11.59,3.86
Hemel Hempstead,24/25,1.47,1.35,10.29,4.06,39.43,291.35,195.82,67.21,45.58,131.41,22.76,38.65,70,91.53,44.06,33.71,13.76,243.65,115.59,47.44,3.65,1.12,30.65,31.41,6.47,20.6,0.24,0.06,25,25,3.24,12.94,5.94,1.53,25.74,2.71,0.47,17.39,0.06,0.06,100,17.06,4.76,27.93,4.35,6.82,26.82,3.35,10.41,16.18,75.18,24.41,32.47,1.71,1.76,12.53,5.41,43.19,72.24,47.18,65.31,54.18,27.53,50.81,3.06,1.76,57.69,42.29,16.65,11.82,2.24,0.24,139,78.53,56.5,38.88,35.59,91.53,75.88,56.71,74.73,64.76,27.82,42.96,63.82,31.76,49.77,75.59,51.65,68.33,0.59,0.24,40,26.88,22.41,83.37,10.47,14.51,2.5,22.55,17.13,24.01,9.66,1.76,1.76,12.53,5.12,40.85,351.06,260.06,74.08,54.42,134.12,25.65,43.41,65.06,93.35,47.94,32.53,12.88,243.65,114.88,47.15,4.24,1.47,34.72,32.65,8.35,25.59,0.41,0.41,100,26.18,3.00,11.46,5.12,0.94,18.39,3.59,0.71,19.67,0.12,0.12,100,13.65,5,36.64,4.88,7.35,24.94,4.06,8.59,19.65,72.18,25,34.64,1.35,1.47,10.29,4.29,41.71,75.24,50.76,67.47,54.18,23.06,42.56,2.12,1.12,52.78,41.76,18.94,8.59,1.47,0.29,150.65,94.65,62.83,54.35,50.06,92.1,99.76,79.29,79.48,66.94,30.82,46.05,63.88,35.41,55.43,80.76,54.88,67.95,0.76,0.47,61.54,29.59,25.24,85.29,9.18,14.33,2.93,20.16,16.86,22.94,9.05,3.94
Hornchurch,24/25,1.08,0.95,9.13,3.38,36.99,282.42,194.04,68.71,45.59,135.42,24.92,48.5,62,95.92,47.08,37.13,11.71,245.21,119.5,48.73,4.5,1.17,25.93,29.21,5.67,19.4,0.67,0.58,87.5,22.13,2.50,11.3,3.46,0.88,25.3,3.21,0.88,27.27,0,0,0,13.63,4,29.36,3.83,3.33,18.92,4.13,7.46,12.5,69.38,23.33,33.63,1.63,1.08,10.96,4.46,40.68,69.17,48.08,69.52,69.21,33.38,48.22,3,1.54,51.39,42.58,22.42,8.17,1.25,0,131.17,75.38,57.47,41.33,37.63,91.03,76.71,58.88,76.75,60.96,28.75,47.16,57.88,31.21,53.92,71.67,47.33,66.05,0.96,0.46,47.83,26.46,21.33,80.63,9.63,13.55,2.56,21.94,19.7,23.23,12.6,1.08,1.22,10.96,4.21,38.4,371.25,276.67,74.52,54.41,137.5,20.33,45.79,71.38,95.46,44.63,37.83,13,245.21,112.08,45.71,4.08,1.5,36.73,32.54,7.58,23.3,0.25,0.13,50,23.75,2.92,12.28,6.83,1.83,26.83,1.92,0.17,8.7,0.08,0.04,50,17.46,5.04,28.88,5,6.54,27.17,3.71,10.17,17.04,69.17,21.08,30.48,2.54,1.08,9.13,3.54,38.81,69.42,46.04,66.33,69.17,30.13,43.55,2.5,1.42,56.67,33.13,13.21,9.25,1.38,0.17,156.04,95.92,61.47,52.21,49.04,93.93,115.96,96.75,83.44,67.08,31.04,46.27,67.92,37.08,54.6,78.83,53.71,68.13,1.13,0.75,66.67,29.33,24.92,84.94,8.92,14.42,3.31,19.44,17.38,22.9,9.13,2.93
Maidstone Utd,24/25,1.4,1.59,13.09,4.46,34.06,361.14,268.26,74.28,51.54,145.06,22.23,47.57,75.26,107.74,45.54,45.34,16.86,257.29,120.74,46.93,4.89,1.49,30.41,34.89,8.29,23.75,0.94,0.46,48.48,23.11,3.69,15.95,6.17,1.94,31.48,3.34,0.71,21.37,0.11,0.09,75,17.83,5.83,32.69,5.63,7,27.77,4.2,10.26,20.4,66.26,21.91,33.07,2.2,0.86,8,2.57,32.14,67.17,46.11,68.65,80.26,35.63,44.39,2.26,1.14,50.63,39.31,16.23,9.37,1.2,0.06,153,94.2,61.57,56.49,52.6,93.12,107.63,89.49,83.14,70.71,34.83,49.25,70.63,37.89,53.64,83.89,59.74,71.22,1.2,0.54,45.24,30.89,25.77,83.44,7.54,15.41,3.07,20.1,17.47,23.11,9.65,0.86,0.81,8,2.49,31.07,335.71,240.97,71.78,48.46,146.34,30.14,54.37,61.83,96.77,51,35.2,10.57,257.29,119.74,46.54,3.91,0.86,21.9,25.54,5.06,19.8,0.29,0.14,50,24.6,2.31,9.41,3.49,0.86,24.59,2.57,0.71,27.78,0.03,0,0,10.86,3.03,27.89,3.2,3.83,17.34,2.03,6.54,9.71,67.14,21.03,31.32,1.29,1.4,13.09,4.74,36.24,66.26,44.34,66.93,80.29,37.83,47.12,2.23,1.14,51.28,43.23,21.46,10.37,1.91,0.17,146.03,84.06,57.56,48.66,44.49,91.43,99.69,82.49,82.75,68.77,31.74,46.16,59.23,29.6,49.98,76.23,47.14,61.84,0.86,0.4,46.67,26.83,22.86,85.2,12.17,14.92,3.01,22.03,19.83,23.1,11.95,5.36
Salisbury,24/25,1.26,1.16,11.11,3.89,35,387.48,295.19,76.18,51.85,128.85,23.26,48.89,56.7,90.19,43.22,36.85,10.11,223.15,104.22,46.71,5.78,1.63,28.21,27.26,7.11,26.09,0.41,0.30,72.73,24.89,3.07,12.35,4.78,1.19,24.81,1.89,0.26,13.73,0.15,0.15,100,12.33,3.19,25.83,3.48,5.96,21.89,3.56,6.85,13.19,69.63,23.74,34.1,1.96,1.33,10,3.93,39.26,67.44,43.04,63.81,50.59,23.41,46.27,1.89,1.15,60.78,36.74,12.37,9.3,1.63,0.07,153.37,94.07,61.34,56.33,52.41,93.03,130.96,113.11,86.37,66.22,30.56,46.14,61.63,33.26,53.97,80.7,52.93,65.58,1.15,0.52,45.16,25.63,22.07,86.13,9.48,15.04,3.52,17.85,19.77,22.25,12.51,1.33,1.21,10,3.85,38.52,354.3,265.96,75.07,48.15,127.63,19.52,43.81,64.3,94.81,42.19,39.81,12.81,223.15,108.19,48.48,4.04,1.15,28.44,29.56,6.52,22.06,0.19,0.04,20,22.67,2.89,12.75,4.41,1.26,28.57,2.11,0.41,19.3,0.15,0.15,100,15.93,4.78,30,5,5.7,22.89,2.89,9.07,14.63,67.44,24.41,36.19,2.11,1.26,11.11,4.04,36.33,69.63,45.89,65.9,50.59,23.3,46.05,2.41,1.26,52.31,41.59,12.33,9.93,1.56,0.19,141.89,87.89,61.94,53.37,49.48,92.71,115.56,96.11,83.17,63.41,31.78,50.12,61.22,33.56,54.81,75.52,52.96,70.13,1.04,0.22,21.43,23.04,19.07,82.8,8.85,14.96,3.29,19.02,18.61,22.81,10.83,4.4
Slough Town,24/25,1.64,1.55,12.93,5,38.67,305.82,220.04,71.95,48.53,135.04,22.18,45.04,67.82,93.57,43.36,37.36,12.86,253.54,119.71,47.22,5.61,1.64,29.3,34.36,8.21,23.91,0.32,0.14,44.44,27.89,3.64,13.06,6.25,1.93,30.86,3.21,0.57,17.78,0.07,0.04,50,16.43,3.89,23.7,4.21,6,25.79,4.96,8.93,18.07,84.61,31.5,37.23,1.46,1.57,11.43,4.39,38.44,66.93,43.93,65.64,64.14,30.07,46.88,1.89,0.89,47.17,38.96,16.32,9.75,1.57,0.18,140.36,88.5,63.05,41.64,38.07,91.42,86.21,68.79,79.78,63.04,31.96,50.71,63.82,36.61,57.36,76.86,55.46,72.17,0.93,0.46,50,27.82,24.14,86.78,9.61,13.84,2.59,21.74,18.64,23.91,10.94,1.57,1.48,11.43,4.21,36.88,331.04,241.29,72.89,51.47,134.25,25.64,45.93,62.68,97.32,50,35.29,12.04,253.54,119.57,47.16,4.89,1.25,25.55,28.79,7.64,26.55,0.71,0.36,50,22.82,2.96,12.99,4.64,1.21,26.15,1.89,0.39,20.75,0.14,0.11,75,14.11,3.68,26.08,4.07,6.61,24.14,3.82,8.25,16.57,66.89,22.96,34.33,3.64,1.64,12.93,5.18,40.06,84.64,53.11,62.74,64.14,28.11,43.82,2.61,1.39,53.42,42.79,20.43,10.71,2.25,0.14,144.75,88.29,60.99,46.71,43.14,92.35,96.64,77.86,80.56,64.25,30.82,47.97,62.61,33.39,53.34,76.89,52.14,67.81,1.86,0.79,42.31,25.64,21.82,85.1,9.46,14.34,2.94,20.24,18.36,22.82,9.49,3.66
St Albans ,24/25,1,1.25,9.95,3.48,34.75,383.62,283.14,73.61,54.81,142.95,21.43,53.52,68,101.62,45.76,42.86,13,237.57,113.62,47.94,3.86,0.81,17.72,30.33,7.38,24.73,0.33,0.14,14.29,23.14,2.00,8.32,4.29,1.1,21.36,2.57,0.48,26.19,0.14,0.05,4.76,15.29,4.38,30.72,4.48,6.95,25,3.52,8.52,16.48,74.05,25.48,34.36,2.14,1.14,9.48,3.52,37.84,68.48,46.05,67.42,55.48,25.33,46.73,2.62,1.48,45.24,41.67,17.05,10.33,1.71,0.05,161.29,99,61.34,53.86,49.33,91.62,114.62,93.86,81.43,68.33,31.62,46.43,66.81,34.62,51.98,81.48,55.86,68.67,1.29,0.43,23.41,27.19,21.95,81.43,8.48,14.57,3.31,18.15,17.5,21.49,10.01,1.14,1.26,9.48,3.14,33.37,336.33,239.67,69.18,45.19,139.62,23.29,54.1,62.24,95.29,44.43,39.95,10.9,237.57,112.57,47.48,3.33,0.67,20.96,28.95,6.38,22.36,0.38,0.24,21.43,22.86,2.33,9.63,4.43,1.05,20.97,3.19,0.86,25.87,0.14,0.14,14.29,14.76,4.62,32.79,4.95,4.81,22.57,3.14,8.9,14,68.52,22.43,32.56,1.9,1,9.95,3.52,35.22,74,48.52,65.62,55.48,25.71,45.73,2.33,1.38,49.44,47.14,16.43,9.71,1.19,0.05,151.62,89.71,58.18,47.38,43.38,90.73,93.1,74.71,76.7,64.67,30.19,46.83,60.38,31.43,51.24,77.48,50.24,64.4,0.81,0.24,11.43,26.38,23.33,87.99,7.48,15.22,2.96,20.63,16.97,22.2,11.3,3.7
Tonbridge Angels,24/25,1.3,1.21,8.23,3.27,39.68,301.83,213.47,70.72,44.31,135.83,25.57,49.57,60.7,92.4,44.93,36.77,10.7,242.63,115.9,47.77,3.4,1,29.41,25.67,5.3,20.65,0.33,0.17,50,21.73,2.23,10.28,3.97,1.03,26.05,2.53,0.47,18.42,0.1,0.1,100,14.13,4.17,29.48,4.23,3.57,19.93,2.3,8.9,11.97,61.6,19.73,32.03,2.1,1.17,11.37,3.53,31.09,82.5,54.6,66.18,64.17,28.6,44.57,3.03,1.7,56.04,45.8,19.1,10.93,1.9,0.17,137.87,80.97,58.73,40.3,36.67,90.98,85.3,68.37,80.15,59.37,26.43,44.53,58.27,30.43,52.23,72.33,46.47,64.24,0.63,0.07,10.53,24.53,20.37,83.02,8.13,14.35,2.73,20.71,17.67,22.61,10.35,1.17,1.25,11.37,3.3,29.03,401.47,312.17,77.76,55.69,137.53,21.37,47.9,68.27,98.6,44.63,39.77,14.2,242.63,113.47,46.76,5.17,0.97,18.71,32.17,7.33,22.8,0.43,0.13,30.77,24.8,3.30,13.31,5.33,1.6,30,3.37,0.57,16.83,0.1,0.03,33.33,16.07,4.73,29.46,4.47,6.03,23.9,3.43,9.7,15.9,82.5,27.9,33.82,1.7,1.3,8.23,3.57,43.32,61.6,41.87,67.97,64.17,29.77,46.39,2.4,1.5,62.5,38.83,14.4,10.27,1.6,0.1,158.53,102.83,64.87,62.03,57.87,93.28,128.83,110.83,86.03,64.8,32.97,50.87,65.27,37.03,56.74,75.43,54.37,72.07,0.9,0.4,44.44,29.2,24.3,83.22,7.83,14.99,3.48,17.76,18.89,21.71,8.57,3.06
Torquay Utd,24/25,1.54,1.18,10.62,4.05,38.17,349.76,261.97,74.9,48.98,135.92,23.11,48.78,64.03,97.11,44.27,40.32,12.51,239.16,112.92,47.21,4.46,1.27,28.48,30.57,6.38,20.87,0.24,0.14,55.56,23.59,3.43,14.55,4.95,1.41,28.42,3.32,0.7,21.14,0.19,0.16,85.71,14.38,4.08,28.38,4.19,4.49,21.22,2.62,8.54,14.11,62,20.3,32.74,1.97,1,9.57,3.16,33.05,67.35,43.7,64.89,72.78,34.78,47.79,2.16,1.24,57.5,44.11,18.59,8.54,1.49,0.08,145.7,91.03,62.47,53.22,49.59,93.19,104.97,87.62,83.47,61.7,30.11,48.8,63.22,36.46,57.67,76.08,51.32,67.46,0.51,0.24,47.37,27.43,24.84,90.54,9.05,14.98,3.12,18.38,18.53,22.24,11,1,1.11,9.57,3.14,32.77,376.92,282.73,75.01,51.02,138.22,22.51,50.7,65,97.54,45.78,38.86,12.89,239.16,112.22,46.92,3.7,0.97,26.28,29.22,6.14,21,0.59,0.30,50,22.11,2.76,12.47,4.81,1.27,26.4,2.16,0.41,18.75,0.11,0.08,75,17,4.92,28.93,4.89,4.81,24.54,3.3,9.97,15.08,67.32,23.62,35.09,2.19,1.54,10.62,4.22,39.69,62.03,41.7,67.23,72.78,31.27,42.96,3.32,1.95,58.54,36.97,17.43,10.03,1.84,0.08,153.35,95.14,62.04,54.65,51.24,93.77,119.43,100.22,83.91,66.57,30.86,46.37,62.16,32.38,52.09,77.54,52.27,67.41,1.03,0.32,31.58,27.24,23.7,87,8.68,15.28,3.32,18.58,17.42,22.26,11.87,2.33
Truro City,24/25,1.65,1.51,12.47,5.12,41.04,283.12,201.47,71.16,45.14,133,18.71,45.35,68.94,90,38.12,36.71,15.18,236.47,113.24,47.89,4.41,1.18,26.67,30.59,8.88,29.04,0.06,0.06,100,23.71,3.06,12.9,4.12,1.18,28.57,4.29,0.94,21.92,0.06,0.06,100,15.47,6.59,42.59,6.12,6.24,24.35,3.12,9.94,18.12,54.94,19.06,34.69,1.41,0.82,8.88,2.82,31.79,69.65,46.59,66.89,78.12,34.76,44.5,2.88,1.53,53.06,39.65,15.53,10.71,1.24,0.12,121.76,70.82,58.16,37.53,34.29,91.38,89.41,71.53,80,63.18,31.06,49.16,56.82,29.47,51.86,68.47,47.76,69.76,0.82,0.29,35.71,29.47,24.71,83.83,10.06,14.21,2.57,22.73,17.33,23.05,10.52,0.82,1.08,8.88,2.59,29.14,373.41,287.65,77.03,54.86,132.18,27.24,44.88,60.06,95.29,48.47,35.82,11,236.47,108.41,45.85,3.71,0.94,25.4,27.18,6.35,23.38,0,0.00,0,23.53,2.00,8.5,4.59,1.24,26.92,2,0.41,20.59,0.18,0.18,100,12.06,4.18,34.63,4.06,4.65,20.18,3.29,6.76,13.41,69.65,23.06,33.11,1.65,1.65,12.47,5.41,43.4,54.94,35.88,65.31,78.12,35.76,45.78,2.06,0.94,45.71,32,17.41,10.71,1.53,0.18,152.47,95.18,62.42,59,55.88,94.72,114.35,100.24,87.65,66.47,29.41,44.25,63,33.12,52.57,79.18,52.53,66.34,0.88,0.18,20,25.18,20.06,79.67,9.53,15.05,3.44,19.03,18.6,22.54,10.63,4.13
Welling Utd,24/25,1.1,1.01,8.07,2.73,33.84,288.49,196.68,68.18,45.1,144.88,26.29,54.76,63.83,100.07,48.78,39.24,12.05,258.66,122.17,47.23,3.15,0.76,24.03,26.8,5.17,19.29,0.8,0.37,45.45,21.8,2.10,9.62,3.46,1.15,33.1,2.73,0.54,19.64,0.05,0.02,50,12.29,3.83,31.15,3.85,5.12,19.17,2.1,7.59,11.85,63.51,19.85,31.26,1.76,1.85,11.44,4.93,43.07,76.27,51.8,67.92,77.44,34.66,44.76,2.95,1.68,57.02,44.37,19.85,10.63,1.8,0.2,135.51,76.8,56.68,40.9,36.98,90.4,74.46,57.68,77.46,62.95,29.98,47.62,57,28.83,50.58,73.41,47.8,65.12,0.76,0.34,45.16,27.88,23.34,83.73,8.59,14.31,2.54,22.7,17.34,22.56,10.72,1.85,1.56,11.44,4.63,40.51,370.07,274.17,74.09,54.9,144.73,22.17,51.27,71.29,104.61,44.93,45.56,14.12,258.66,121.95,47.15,4.12,1.22,29.59,33.83,7.02,20.76,0.51,0.27,52.38,23.71,3.54,14.92,5.95,1.73,29.1,3.27,0.83,25.37,0.22,0.2,88.89,17.51,5.49,31.34,5.15,6.15,25.27,3.9,10.15,18.02,76.24,24.44,32.05,2.41,1.1,8.07,2.88,35.65,63.51,43.66,68.74,77.46,36.93,47.67,2.29,1.29,56.38,39.66,16.02,9.46,1.68,0.05,155.2,95.9,61.79,52.63,48.8,92.72,117.1,97.22,83.02,69.05,33.51,48.53,68.41,37.95,55.47,82.2,58.22,70.83,0.98,0.34,35,30.07,25.83,85.89,6.54,14.72,3.17,20.12,17.72,22.43,8.12,3.71
Weston-super-Mare,24/25,1.44,1.41,10.76,4.08,37.92,347.36,264.32,76.09,50.26,125.24,19.88,43.2,62.16,89.2,42.36,35.84,11,233.2,110.88,47.55,4.36,1.2,27.52,29.64,6.36,21.46,1,0.64,64,22.32,3.24,14.52,4.16,1.44,34.62,3.04,0.64,21.05,0.16,0.16,100,12.36,4.04,32.69,4.2,6.2,22.72,3.6,6.84,15.04,72.28,24,33.2,2.16,1.2,9.84,3.56,36.18,69.68,45.92,65.9,55,25.88,47.05,4,2.36,59,39.32,13.56,9.04,1.56,0.04,138.12,84.84,61.42,55.6,52.36,94.17,110.64,94.04,85,60.24,28.12,46.68,66.28,37.92,57.21,74.24,52.4,70.58,1.68,0.76,45.24,25.4,21.96,86.46,8.84,14.49,3.26,17.93,17.46,22.65,11.51,1.2,1.07,9.84,3.48,35.37,359.92,276.2,76.74,49.74,125.52,21.4,46.32,57.8,91.6,49.52,31.72,10.36,233.2,111.68,47.89,4.32,1.32,30.56,30.12,6.32,20.98,0.36,0.28,77.78,21.6,2.72,12.59,4.68,1.28,27.35,2.56,0.56,21.88,0.12,0.08,66.67,14.52,4.32,29.75,4.72,6.04,22,2.72,8.4,14.12,69.68,23.76,34.1,1.56,1.44,10.76,4.36,40.52,72.32,48.28,66.76,54.96,24.72,44.98,3.36,1.56,46.43,37,16.64,10.44,2.16,0.12,149.04,96.52,64.76,51.84,48.64,93.83,113.84,96.72,84.96,56.52,27.72,49.04,60.2,35.16,58.41,79,54.76,69.32,1.12,0.68,60.71,24.52,20.84,84.99,7.64,14.91,3.3,17.05,17.8,22.3,9.89,3.93
Weymouth,24/25,0.61,1.1,10.61,3.09,29.1,320.13,240.26,75.05,46.58,126.61,24.74,44.13,57.74,90.7,45,34.61,11.09,221.91,105.04,47.34,4.09,1.13,27.66,27.22,7.09,26.04,0.3,0.09,28.57,23.17,2.87,12.38,4.3,1,23.23,3.52,0.74,20.99,0,0,0,12.35,4.22,34.15,4.48,6.26,20.57,2.52,7.52,14.43,62.52,22.04,35.26,1.43,1.39,11.48,4.52,39.39,67.48,42.48,62.95,60.43,28.74,47.55,1.87,1,53.49,40.74,18.78,8.7,1.74,0.09,134.13,82.26,61.33,43.52,40.57,93.21,104.35,89.83,86.08,58.35,28.04,48.06,54.57,28.83,52.83,70.3,47.04,66.91,0.83,0.43,52.63,25.43,21.61,84.96,8.48,14.78,2.92,19.08,18.02,22.87,13.53,1.39,1.21,11.48,4.17,36.36,378.43,289.7,76.55,53.42,129.13,20.04,43.87,65.22,92.04,43.61,35.26,13.17,221.91,107.65,48.51,4.74,1.39,29.36,33.22,7.83,23.56,0.48,0.26,54.55,21.96,2.74,12.48,5.26,1.13,21.49,2.17,0.43,20,0.04,0.04,100,18.13,5.3,29.26,5.48,6.48,26.22,4.61,10.96,18.65,67.48,25,37.05,1.78,0.61,10.61,3.17,29.92,62.52,40.48,64.74,60.43,27.43,45.4,1.83,1.09,59.52,36.43,16.61,10.87,1.61,0,148.91,95.74,64.29,57.87,53.74,92.86,123.3,104.26,84.56,63.83,31.26,48.98,64.43,36.39,56.48,76.74,55.74,72.63,1.04,0.3,29.17,28,24.22,86.49,8.3,14.99,3.39,17.73,18.35,22.23,10.66,4.42
Worthing,24/25,1.62,1.4,12.57,4.38,34.85,523.48,432.9,82.7,62.02,127.6,23.07,44.6,59.93,91.36,45.71,31.83,13.81,226.05,105.12,46.5,5.05,1.48,29.25,32.21,8.07,25.06,0.5,0.26,52.38,27.38,3.50,12.78,6.21,1.81,29.12,1.86,0.26,14.1,0.17,0.14,85.71,15.67,4.64,29.64,4.55,8.95,28.38,4.71,9.31,20.24,83.17,26.9,32.35,1.71,1.31,10.05,3.81,37.91,66.33,43.19,65.11,41.17,20.48,49.74,2.83,1.55,54.62,36,13,10.5,2,0.14,185.9,134.12,72.14,78.12,73.29,93.81,180.69,160.81,89,53.21,26.24,49.31,65.24,42.02,64.42,88.98,62.12,69.82,1.19,0.48,40,26.05,24.02,92.23,7.95,16.84,4.71,10.47,18.69,19.69,8.98,1.31,1.22,10.05,3.64,36.26,280.6,201.52,71.82,37.98,122.05,22.5,39.4,60.14,88.43,40.88,32.98,14.57,226.05,110.9,49.06,3.88,1.26,32.52,26.33,6.1,23.15,0.76,0.50,65.63,23.86,2.74,11.48,4.79,1.26,26.37,3.45,0.76,22.07,0.07,0.07,100,12.24,3.31,27.04,3.57,4.52,20.4,3.33,7.29,15.62,66.31,23.12,34.87,2.21,1.6,12.57,4.71,37.5,83.19,56.26,67.63,41.17,17.64,42.86,3.21,1.76,54.81,46.24,17.88,11.79,1.95,0.12,122.67,73.5,59.92,41.98,38.17,90.92,77.98,62.93,80.7,55.1,26.12,47.41,51.43,27,52.5,64.62,41.95,64.92,1.12,0.48,42.55,21.36,17.31,81.05,9.12,14.67,2.6,20.7,17.93,22.74,13.87,5.44
y1,23/24,1.42,1.32,11.4,4.18,36.65,290.58,207.71,71.48,45.89,129.09,21.64,46.71,60.73,97.64,44,38.87,14.78,255.73,114.56,44.79,4.91,1.33,27.15,31.47,7.2,22.88,1.07,0.49,45.83,23.47,2.9,12.31,4.62,1.31,28.37,3.73,0.78,20.83,0.27,0.24,91.67,12.42,3.42,27.55,3.73,5.51,20.87,3.56,7,15.2,74.49,25.27,33.92,2.04,1.38,11.13,4.58,41.12,71.38,45.87,64.26,62.02,26,41.92,1.93,0.84,43.68,46.22,18.13,10.84,1.64,0.16,130.36,79.38,60.89,39.89,35.87,89.92,80.36,64.11,79.78,58.13,28.24,48.59,54.91,30.42,55.4,69.93,46.84,66.98,1.27,0.42,33.33,28.76,23.84,82.92,9.04,13.86,2.51,20.74,18.58,22.24,9.74,1.38,1.6,11.13,4.29,38.52,368.78,274.24,74.37,54.11,131.33,24.31,48.31,58.71,98.11,46.11,38.91,13.09,255.73,125.09,48.91,3.96,1.2,30.34,29.58,6.8,22.99,1.27,0.47,36.84,24.98,3.18,12.72,4.89,1.38,28.18,2.69,0.47,17.36,0.24,0.2,81.82,15.47,4.53,29.31,4.91,5.91,23.69,3.56,9.67,17.2,71.36,25.49,35.72,2.49,1.42,11.4,4.36,38.21,74.53,49.22,66.04,62,30.36,48.96,2.44,1.22,50,39.64,18.36,10.33,1.6,0.11,149.38,90,60.25,55.56,51.22,92.2,112.98,94.82,83.93,64.69,29.51,45.62,60.62,32.07,52.9,74.02,48.02,64.88,1.84,0.76,40.96,26.11,22.24,85.19,8.93,14.56,3.21,19.08,17.3,21.99,9.01,
y2,23/24,1.5,1.7,11.87,4.09,34.43,333.37,247.98,74.39,47.83,124.41,21.83,43.26,59.33,94.83,46.28,36.48,12.07,244.13,116.35,47.66,4.2,1.15,27.46,30.24,7.57,25.02,1.67,0.72,42.86,23.5,3.0,12.86,5.04,1.52,30.17,2.41,0.57,23.42,0.28,0.22,76.92,18.39,5.41,29.43,5.72,4.7,24.02,3.54,11.63,15.52,71.72,27.35,38.13,1.78,1.13,9.89,3.85,38.9,65.54,41.11,62.72,63.04,32.15,51,2.87,1.37,47.73,44.07,20.07,8.28,1.74,0.04,138.02,85.02,61.6,46.07,43.13,93.63,109.46,90.57,82.74,61.46,29.15,47.44,60.83,33.07,54.36,72.59,49.43,68.1,1.7,0.76,44.87,26.96,24.65,91.45,9.07,14.27,2.94,19.14,17.01,22.79,11.89,1.13,1.17,9.89,3.54,35.82,383.17,294.24,76.79,52.17,127.07,21.26,44.26,61.54,93.96,44.41,37,12.54,244.13,111.22,45.56,4.24,1.33,31.28,30.52,6.67,21.87,0.87,0.35,40,22.17,2.39,10.78,4.7,1.26,26.85,2.48,0.39,15.79,0.17,0.15,87.5,14.93,4.04,27.07,4.2,5.76,24.09,3.52,8.87,15.2,65.52,24.41,37.26,3,1.5,11.87,4.15,34.98,71.74,44.35,61.82,63.04,24.65,39.1,3.52,1.54,43.83,41.61,19.04,8.96,1.91,0.09,150.65,95.15,63.16,52.8,49.43,93.62,129.39,111.74,86.36,63.2,30.76,48.68,65.33,36.26,55.51,76.33,53.67,70.32,2,0.59,29.35,26.17,23.2,88.62,9.93,14.75,3.44,18.1,18.13,22.12,10.81,
y3,23/24,1.47,1.4,12.04,4.24,35.25,311.41,215.24,69.12,49.04,140.14,23.84,52.86,63.45,105,47.16,44.59,13.24,275.69,129.43,46.95,4.76,1.1,23.18,33.1,8.14,24.6,1.47,0.67,45.83,23.22,2.8,12.04,5.29,1.59,30.12,2.57,0.51,19.84,0.1,0.1,100,15.61,4.37,27.97,4.41,5.49,23.78,4.41,8.41,17.78,77.57,29.16,37.6,1.67,0.96,11.12,3.67,33.03,76.18,46.96,61.64,72.65,33.61,46.26,2.33,1.06,45.61,47.8,20.22,12.49,2.02,0.04,142.51,82.61,57.97,39.96,36.04,90.19,86.73,68.24,78.68,62.14,27.51,44.27,61.04,31.67,51.89,72.76,47.76,65.64,1.94,0.53,27.37,29.39,25.71,87.5,8.63,14.43,2.56,20.51,18.04,22.79,8.1,0.96,1.37,11.12,3.51,31.56,336.33,242.88,72.21,50.96,143.94,23.86,54.45,65.63,106.16,49.24,42.47,14.45,275.69,129.49,46.97,4.51,1.12,24.89,29.92,6.35,21.21,0.63,0.26,41.94,27.02,3.96,14.65,4.96,1.71,34.57,3.63,1.1,30.34,0.18,0.14,77.78,14.73,4.24,28.81,4.12,6.14,23.39,3.65,8.43,16.33,76.18,29.22,38.36,1.57,1.47,12.04,4.43,36.78,77.57,48.41,62.4,72.65,32.73,45.06,3.61,1.78,49.15,46.9,20.41,10.88,1.92,0.14,149.53,89.61,59.93,48.43,44.69,92.29,92.92,75.22,80.96,66.29,31.98,48.25,60.06,31.78,52.91,77.08,51.53,66.85,1.76,0.69,39.53,29.61,25.65,86.63,10.69,14.65,2.76,21,17.97,22.21,8.45,
y4,23/24,1.66,1.81,13.02,4.89,37.58,366.43,275.34,75.14,51.94,141.02,21.81,51.15,68.06,109.77,47.06,47.89,14.81,265.45,123.02,46.34,4.43,1.23,27.88,33.94,8,23.57,1.32,0.45,33.87,26.11,3.6,13.85,6,1.91,31.91,3.85,0.74,19.34,0.28,0.19,69.23,18.79,6.3,33.52,6.36,7.66,29.09,5.06,10.28,21.72,80.15,29.15,36.37,2.47,0.98,10.53,3.6,34.14,69.77,44.38,63.62,67.89,30.15,44.41,3.64,1.81,49.71,46.96,20.38,11.21,2.04,0.21,151.51,96.43,63.64,48.6,45.09,92.78,119.91,99.38,82.88,65.02,33.38,51.34,65.57,37.19,56.72,81.15,59.87,73.78,3.32,1.32,39.74,30.64,24.72,80.69,8.3,14.72,2.92,18.72,17.3,22.41,8.67,0.98,1.39,10.53,3.49,33.13,341.66,249.26,72.95,48.06,142.13,25.7,55.26,61.17,104.09,50.3,41.94,11.85,265.45,127.19,47.92,4.26,1.11,26,27.68,6.02,21.75,1.28,0.45,35,26.74,3.34,12.49,4.66,1.6,34.25,2.87,0.6,20.74,0.23,0.19,81.82,13.55,3.96,29.2,3.98,5,22.49,3.83,8.02,15.51,69.77,25.38,36.38,2.26,1.64,13.02,5.13,39.38,80.15,51,63.63,67.89,32.3,47.57,4.02,2.26,56.08,50.55,24.91,11.96,2.26,0.17,146.51,87.89,59.99,46.87,43.43,92.65,101.83,83.66,82.16,65.45,29.98,45.81,60.04,32.06,53.4,73.81,47.53,64.4,2.49,0.87,35.04,27.02,23.62,87.4,11.45,14.78,2.81,20.54,18.46,22.16,9.62,
y5,23/24,1.35,1.02,8.85,3.54,40.05,432.09,343.65,79.53,52.72,124.87,29.2,48.11,47.57,92.7,51.22,31.17,10.3,230.85,106.83,46.28,3.85,1.5,38.98,25.43,5.89,23.16,0.93,0.41,44.19,25.76,2.2,8.44,3.39,1.07,31.41,1.76,0.3,17.28,0.11,0.07,60,11.89,3.65,30.71,3.83,4.78,18.17,2.39,7.22,12.35,77.39,27.65,35.73,1.39,1.35,15.35,5.72,37.25,72.35,43.2,59.71,43.67,20.33,46.54,3.65,1.85,50.6,45.48,19.2,9.61,1.89,0.09,154.48,100.98,65.37,70.85,66.37,93.68,150.85,133.02,88.18,64.67,33.04,51.09,54.24,29.93,55.19,81.48,50.61,62.11,2.61,1.07,40.83,25.35,23.04,90.91,10.43,15.74,3.78,15.37,19.56,21.24,14.36,1.35,1.84,15.35,5.33,34.7,384.09,302.15,78.67,47.28,118.2,17.3,35.26,65.63,92.96,34.09,40.04,18.83,230.85,113.61,49.21,6.3,1.7,26.9,38.85,10.39,26.75,0.83,0.39,47.37,21.46,3.70,17.22,6.04,1.89,31.29,3.46,0.76,22.01,0.2,0.17,88.89,20.17,6.41,31.79,6.2,8.13,29.78,5.43,11.83,22.59,72.35,29.15,40.29,1.26,1.35,8.85,3.59,40.54,77.39,49.74,64.27,43.67,19.83,45.4,3.61,1.67,46.39,42.2,15.78,11.37,1.67,0.17,141.67,96.22,67.91,55.28,52,94.06,136.76,115.98,84.8,51.35,25.61,49.87,63.63,40.37,63.44,74.48,56.52,75.89,2.43,0.74,30.36,25.28,21.83,86.33,6.54,15.22,3.47,14.9,18.3,21.63,10.12,
y6,23/24,1.22,1.56,11.7,4.24,36.25,291.17,205.54,70.59,46.13,129.67,22.93,41.17,65.57,99.59,44.22,39.52,15.85,260.76,122.59,47.01,3.57,0.96,26.83,31.89,7.13,22.36,1.52,0.67,44.29,23.87,3.3,13.93,4.54,1.43,31.58,4,0.93,23.37,0.2,0.15,77.78,16.28,5.52,33.91,5.57,7.02,26,3.63,9.74,19.17,68.89,23.57,34.21,2.17,1.63,13.89,5.24,37.72,74.04,45.96,62.07,66.15,32.78,49.56,4.09,1.87,45.74,45.98,20.57,12.37,2.33,0.17,131.17,78,59.46,41.43,38.07,91.87,79.15,62.2,78.58,60.2,28.72,47.71,60.72,33.3,54.85,71.09,50.46,70.98,2,0.8,40.22,26.91,22.11,82.15,9.96,13.79,2.5,21.29,16.61,23.11,9.7,1.63,1.67,13.89,5.02,36.15,369.59,279.46,75.61,53.87,130.83,25.15,44.89,60.78,100.46,53.5,34.2,12.76,260.76,120.76,46.31,5.65,1.65,29.23,32.26,8.91,27.63,1.28,0.56,44.07,27,3.76,13.93,5.46,1.57,28.69,3.2,0.74,23.13,0.26,0.22,83.33,15.78,4.65,29.48,4.89,7.8,25.33,5.09,8.67,21,74.04,28.09,37.93,2.3,1.22,11.7,4.48,38.29,68.89,45.33,65.79,66.15,27.37,41.37,3.48,1.87,53.75,43.39,20.37,10.24,1.48,0.04,152.35,97.67,64.11,53.85,50.35,93.5,111.98,93.57,83.56,63.8,31.2,48.89,61.43,34.46,56.09,81.26,56.11,69.05,2.8,1.07,37.98,26.8,23.15,86.37,9.41,14.61,3.06,18.75,18.26,22.23,8.36,
y7,23/24,0.82,1.09,10.2,3.4,33.33,283.53,199.47,70.35,45.2,132.42,24.09,50.36,57.98,97.71,47.58,38.29,11.84,273.16,127.67,46.74,4.78,1.33,27.91,26.93,6.62,24.59,1,0.38,37.78,24.22,2.7,11.01,4.4,0.96,21.72,3.09,0.73,23.74,0.11,0.09,80,12.2,3.38,27.69,3.6,4.2,19.64,3.73,6.91,13.22,74.82,28.13,37.6,2.27,1.6,15.6,6.31,40.46,85.73,54.38,63.43,65.44,26.8,40.95,4.11,2,48.65,49.91,19.98,12.69,1.71,0.09,131.56,77.42,58.85,36.38,33.47,92,81.09,64.18,79.14,63.38,30.6,48.28,54.93,29.53,53.76,71.22,46.49,65.27,2.33,0.84,36.19,26.47,21.8,82.37,10.58,13.69,2.41,23.06,19.51,22.61,9.49,1.62,1.95,15.6,5.98,38.32,370.04,283.42,76.59,54.8,131.44,20.47,47.13,63.84,99.91,42.84,42.44,14.62,273.16,129.64,47.46,5.96,1.76,29.48,35,9.82,28.06,0.96,0.49,51.16,27.56,4.38,15.89,6.29,2.36,37.46,3.31,0.67,20.13,0.22,0.16,70,17.4,5.22,30.01,5.4,8.42,28.11,5.53,10.29,22.73,85.73,31.36,36.57,2.07,0.82,10.2,3.51,34.42,74.82,46.69,62.4,65.44,32.67,49.92,4.02,1.93,48.07,41.18,18.2,10.24,1.36,0.09,150.18,98.02,65.27,52.78,49.09,93.01,113.04,94.51,83.61,58.6,29.18,49.79,61.73,35.76,57.92,77.71,56.71,72.98,2.2,1,45.45,28.42,24.89,87.57,7.93,14.34,3.06,17.34,17.65,21.2,8.01,
y8,23/24,1.15,1.33,10.85,3.7,34.07,313.78,230.98,73.61,49.88,127.07,23.5,46.35,57.22,97.2,43.7,40.24,13.26,255.22,118.35,46.37,4.09,0.96,23.4,28.93,7.09,24.49,1.22,0.57,46.43,24.37,2.8,11.42,4.87,1.3,26.79,3.37,0.74,21.94,0.07,0.07,100,14.67,4.78,32.59,4.98,5.13,21.93,3.43,9.43,15.46,71.72,26.17,36.5,2.09,1.59,12.24,4.91,40.14,74.3,46.41,62.46,61.87,26.59,42.97,4.04,2.24,55.38,44.43,20.61,13.17,2.67,0.17,130.17,79.74,61.26,41.72,38.17,91.51,100.91,82.76,82.01,57.63,27.13,47.08,53.54,29.13,54.41,69.11,46.37,67.1,1.52,0.57,37.14,25.59,21.09,82.41,9.61,13.96,2.71,18.98,17.72,22.16,7.93,1.61,1.51,12.24,4.65,38.01,324.43,239.11,73.7,50.12,129.72,22.59,48.26,58.87,95.37,42.61,39.57,13.2,255.22,121.2,47.49,5,1.46,29.13,29.96,7.24,24.17,1.28,0.52,40.68,27.87,3.74,13.42,5.63,1.7,30.12,3.74,0.91,24.42,0.17,0.17,100,14.02,4.11,29.3,4.3,6.39,22.33,4.02,7.93,17.76,74.33,27.89,37.53,1.67,1.15,10.85,3.98,36.67,71.7,45.54,63.52,61.87,29.78,48.14,3.22,1.91,59.46,41.09,17.33,10.59,1.76,0.04,136.04,83.26,61.2,44.85,41.24,91.95,98.26,81.24,82.68,55.57,25.15,45.27,55.93,30.33,54.22,69.39,46.96,67.67,2.37,1,42.2,29.91,25.48,85.17,9.22,14.12,2.73,18.34,18.36,21.85,9.34,
y9,23/24,1.65,1.81,14.93,4.98,33.33,257.78,176.96,68.65,44.31,130.52,21.24,43.13,66.15,99.7,44.43,39.26,16,262.48,124.15,47.3,6.89,1.67,24.29,31.3,8.89,28.4,1.3,0.56,43.33,23.85,4.3,18.14,6.48,2.2,33.89,2.83,0.67,23.85,0.37,0.26,70.59,13.74,3.5,25.47,3.87,5.41,21.89,4.46,7.52,19.04,69.54,26.89,38.67,2.24,1.43,10.93,4.15,37.97,75.15,47.59,63.32,69.93,31.17,44.58,3.52,1.91,54.32,44.65,19.35,12.3,2.22,0.13,120.04,69.83,58.17,36.15,33,91.28,63.37,48.26,76.16,53.07,26.41,49.77,54.43,30.22,55.51,65.37,44.85,68.61,1.65,0.46,27.63,25.24,19.07,75.54,8.67,13.69,2.28,21.19,18.93,22.88,8.22,1.46,1.37,10.93,4,36.58,343.85,259.83,75.56,55.69,134.65,27.91,48.46,58.28,98.85,49.91,36.76,12.17,262.48,120.76,46.01,4.43,1.22,27.45,28.35,6.35,22.39,1.37,0.61,44.44,26.26,3.26,12.42,4.2,1.39,33.16,3.91,0.76,19.44,0.11,0.09,80,13.63,4.54,33.33,4.52,5.09,20.78,3.24,8.02,15.5,75.15,27.57,36.68,1.33,1.63,14.93,5.22,34.93,69.54,42.65,61.33,69.93,31.54,45.1,3.48,1.65,47.5,45.72,21.83,10.13,2.04,0.09,142,90.37,63.64,50.35,46.87,93.09,104.22,87.57,84.02,58.72,29.35,49.98,56.24,32.33,57.48,76.59,52.04,67.95,2.22,0.8,36.27,26.39,22.2,84.1,10.09,14.2,3.01,18.32,17.83,21.79,7.47,
y10,23/24,1.33,1.53,10.65,3.91,36.73,310.72,220.11,70.84,44.77,136.76,26.72,43.39,66.65,98.78,47.09,37.54,14.15,253.63,116.89,46.09,3.65,1,27.38,30.8,6.24,20.25,1.15,0.37,32.08,23.3,3.4,14.65,4.48,1.7,37.86,3.15,0.8,25.52,0.2,0.2,100,15.02,4.57,30.39,4.74,6.26,24.65,3.15,9.37,17.72,65.85,22.89,34.76,2.7,1.24,13.83,4.98,36.01,72.26,44.72,61.88,67.59,30.09,44.52,3.76,2.22,58.96,51.57,24.2,10.33,1.5,0.04,139,81.96,58.96,45.24,41.46,91.64,78.15,61.37,78.53,57.02,25.59,44.87,60.5,31.83,52.61,72.67,48.17,66.29,2.43,0.91,37.5,27.28,24.72,90.6,10.46,15.15,2.65,18.89,16.69,21.43,9.71,1.24,1.59,13.83,4.78,34.59,380,288.46,75.91,55.23,134.46,25.61,45.17,63.67,100.72,50.65,34.65,15.41,253.63,119.15,46.98,5.3,1.48,27.87,34.35,8.78,25.57,1.67,0.69,41.56,26.11,3.76,14.4,6.22,2.02,32.52,2.41,0.52,21.62,0.22,0.15,70,21.54,6.7,31.08,6.91,7.26,30.83,4.2,13.72,20.7,72.28,27.54,38.11,2.09,1.33,10.65,4.17,39.18,65.85,42.93,65.2,67.57,30.63,45.33,3.52,1.65,46.91,41.74,19.5,10.07,1.96,0.13,148.93,93.46,62.75,53.83,49.93,92.77,131.33,111.09,84.59,68.96,33.54,48.64,65.17,38.28,58.74,82.11,57.07,69.5,2.43,0.93,38.39,30.39,25.96,85.41,9.33,14.66,3.22,19.16,18.1,22.93,8.66,
y11,23/24,1.07,1.46,13.33,4.78,35.83,370.56,278.49,75.15,51.32,128.4,20.49,47.53,60.38,93.8,42.44,38.18,13.18,230.09,112.24,48.78,5.58,1.73,31.08,29.93,8.64,28.88,1.22,0.67,54.55,26.8,3.4,12.85,5.2,1.78,34.19,3.24,0.73,22.6,0.13,0.09,66.67,15.87,5.07,31.93,5.11,6.27,24.93,3.44,10.62,16.69,68.18,26.49,38.85,1.62,1.96,12.73,5.33,41.88,71.93,46.22,64.26,48.98,22.24,45.42,2.87,1.56,54.26,42.4,19.13,10.18,2.22,0.18,146.13,88.24,60.39,56.07,52.18,93.06,117.27,98.2,83.74,60.91,26.69,43.82,60.33,32.71,54.22,75.96,51.02,67.17,2.47,0.91,36.94,26.29,24.2,92.05,9.24,15.39,3.17,16.94,18.65,21.36,10.16,1.98,1.83,12.73,5.07,39.79,343.69,258.07,75.09,48.68,125.36,21.24,45.69,58.42,95.44,44.13,39.49,11.82,230.09,106.71,46.38,4.64,1.29,27.75,31.2,7.78,24.93,1.91,1.07,55.81,23.56,3.33,14.15,4.6,1.42,30.92,2.89,0.76,26.15,0.18,0.11,62.5,13.18,3.89,29.51,3.98,6.29,22.98,3.58,8.13,17.49,71.96,25.71,35.73,3.53,1.07,13.33,4.98,37.33,68.16,41.67,61.13,48.98,23.07,47.1,2.82,1.47,51.97,47.24,18.78,10.82,1.91,0.11,144.84,91.64,63.27,51.49,47.67,92.58,103.24,85.84,83.15,61.07,30.24,49.53,58.67,33.11,56.44,74.84,51.87,69.3,3.69,1.36,36.75,27.64,24.2,87.54,9.6,14.91,2.98,18.84,17.74,21.89,9.84,
y12,23/24,1.2,1.45,11.5,4.04,35.16,322.35,239.91,74.43,48.37,125.09,23.52,44.57,57,95.96,46.98,36.52,12.46,246.59,115.33,46.77,5.17,1.33,25.63,29.02,7.15,24.64,1.04,0.43,41.67,24.85,3.3,13.12,4.65,1.37,29.44,3.85,0.59,15.25,0.17,0.17,100,12.8,3.46,26.99,3.52,5.09,21.72,3.39,7.87,14.09,73.46,26.22,35.69,1.91,1.54,12.13,4.59,37.81,71.15,43.91,61.72,60.09,28.22,46.96,3.2,1.63,51.02,42.83,17.98,10.96,2,0.15,137.48,85.41,62.13,47.72,44.59,93.44,94.87,78.22,82.45,59.13,27.63,46.73,56.13,30.3,53.99,69.5,47.04,67.69,1.57,0.61,38.89,24.48,20.54,83.93,9.41,14.37,2.86,19.05,18.53,22.35,10.92,1.54,1.57,12.13,4.46,36.74,354.43,268.65,75.8,51.63,125.3,21.63,43.13,60.54,96.35,45.2,36.98,14.17,246.59,117.85,47.79,4.67,1.26,26.98,30.57,7.78,25.46,1.35,0.48,35.48,25.22,3.18,12.59,5.7,1.98,34.73,3.04,0.43,14.29,0.11,0.09,80,16.67,5.2,31.16,5.3,6.78,24.78,3.35,10.02,18.59,71.13,27.22,38.26,1.83,1.2,11.5,4.26,37.05,73.48,47.24,64.29,60.09,26.67,44.39,2.59,1.43,55.46,42.02,18.63,10.78,2.04,0.17,142.7,90.13,63.16,49.15,45.43,92.44,113.39,96.8,85.37,60.02,30.37,50.6,59.15,33.61,56.82,73.87,51.89,70.25,2.13,1.02,47.96,25.57,22,86.05,8.8,14.5,3.09,18.03,17.09,22.18,8.81,
y13,23/24,1.61,1.73,12.24,4.63,37.83,347.83,257.39,74,51.71,135.2,19.52,48.61,67.07,100.8,41.87,44.17,14.76,265.61,126.57,47.65,3.78,0.89,23.56,35.07,7.07,20.15,1,0.48,47.83,24,3.9,16.21,5.59,1.72,30.74,3.15,0.7,22.07,0.28,0.22,76.92,16.46,5.33,32.36,5.52,7.43,26.65,4.87,9.87,20.83,71.28,26.5,37.18,2.54,1.15,8.85,3.22,36.36,74.17,48.83,65.83,71,31.57,44.46,2.37,1.28,54.13,42.59,18.22,11.13,1.52,0.17,147.24,90.22,61.27,55.61,51.63,92.85,101.39,84.04,82.89,69.35,36.09,52.04,65.07,37.22,57.2,80.2,57.46,71.65,1.65,0.65,39.47,29.87,26.09,87.34,8,14.41,2.92,20.6,16.5,22.77,8.49,1.15,1.02,8.85,3.13,35.38,334.85,244.52,73.02,48.29,136.61,24.43,54.7,57.48,99.48,49.11,39.98,10.39,265.61,123,46.31,3.72,0.76,20.47,26.07,5.28,20.27,0.7,0.24,34.38,25.78,2.76,10.71,4.22,1.07,25.26,2.98,0.72,24.09,0.11,0.11,100,12.11,3.39,28.01,3.74,4.5,18.67,2.59,7.22,12.65,74.17,25.33,34.14,2.09,1.59,12.24,4.98,40.67,71.3,44.78,62.8,70.98,33.7,47.47,2.63,1.37,52.07,47.07,20.22,10.57,1.8,0.15,143.48,85.33,59.47,45.96,42.04,91.49,102.24,85.13,83.27,65.72,30.65,46.64,56.04,28,49.96,72.91,45.41,62.28,1.33,0.48,36.07,29.22,25.24,86.38,10.26,14.7,2.83,21.01,18.22,22.44,10.05,
y14,23/24,1.75,2.03,15.02,5.73,38.12,318.91,229.43,71.94,51.37,135.82,18.64,46.43,70.75,102.77,41.59,43.86,17.32,263.5,123.16,46.74,5.57,1.73,31.02,38.14,9.8,25.69,1.34,0.66,49.15,26.25,3.9,14.89,5.93,2.05,34.48,3.59,0.91,25.32,0.11,0.09,80,18.73,5.98,31.92,6.05,7.32,28.14,5.84,10.48,22.7,84.93,32.66,38.45,1.36,1.57,10.48,4.7,44.9,67.5,43.73,64.78,62.93,28.2,44.82,2.55,1.25,49.11,40.34,17.2,9.55,1.55,0.07,138.2,83.52,60.43,49.41,45.95,93.01,90.89,72.02,79.24,68.07,33.41,49.08,65.2,36.23,55.56,76.39,55.98,73.28,2.07,0.86,41.76,30.05,25.95,86.38,8.5,13.47,2.56,22.23,17.4,23.54,8.89,1.57,1.38,10.48,4.55,43.38,335.84,243.34,72.46,48.63,138.89,29.86,52.52,56.5,102.59,54.36,37.2,11.02,263.5,125.59,47.66,4.52,1.45,32.16,26.73,6.66,24.91,1.39,0.57,40.98,23.45,2.64,11.24,4.66,1.11,23.9,2.66,0.48,17.95,0.2,0.16,77.78,12.48,3.48,27.87,3.64,6.23,21.84,3.68,7.3,15.25,67.5,23.77,35.22,2.8,1.75,15.02,6,39.94,84.93,52.27,61.55,62.93,29.02,46.12,3.11,1.73,55.47,51.23,24.48,11.32,2.02,0.2,148.09,89.3,60.3,49.68,45.8,92.18,92.66,74.8,80.72,62.36,29.43,47.19,56.39,29.77,52.8,78.45,49.11,62.6,2.34,0.93,39.81,26.55,22.64,85.27,10.91,14.95,2.8,19.52,18.91,21.74,8.54,
y15,23/24,1.67,1.54,10.89,4.39,40.32,497.04,407.54,81.99,58.99,121.11,21.09,47.57,52.46,91.02,45.52,33.85,11.65,224,103.22,46.08,3.59,0.98,27.27,30.41,6.93,22.8,1.15,0.67,58.49,25.43,2.8,11.2,5.26,1.3,24.79,1.67,0.24,14.29,0.17,0.15,87.5,15.87,4.28,26.99,4.3,9.43,27.2,4.46,8.76,20.93,73.96,24.7,33.39,1.89,1.46,10.93,4.76,43.54,72.54,44.72,61.64,42.22,19.93,47.22,3.7,1.7,45.88,41.91,16.72,10.33,1.83,0.02,180.13,126.8,70.4,78.8,74.41,94.43,175.26,157.46,89.84,58.15,30,51.59,60.37,37.35,61.87,87.11,61.3,70.38,2.8,1.3,46.51,24,21.28,88.68,8.39,15.99,4.42,12.42,16.74,20.68,8.7,1.46,1.54,10.93,4.52,41.35,317.76,235.8,74.21,41.01,118.93,20.09,39.85,59,90.63,38.43,39.39,12.8,224,110.28,49.23,3.76,1.33,35.26,29.85,6.78,22.72,1.02,0.48,46.81,23.22,3.00,12.92,5.13,1.5,29.24,3.48,0.8,23.13,0.13,0.04,33.33,15,4.3,28.7,4.46,5,22.76,3.98,8.63,16.46,72.54,27.83,38.36,3.11,1.67,10.89,4.7,43.11,73.96,49.26,66.61,42.22,18.26,43.25,3.96,2.15,54.4,46.78,17.57,9.22,1.52,0.04,131.96,82.07,62.19,51.2,47.78,93.33,89.72,72.41,80.71,56.57,26.93,47.62,56.7,30.24,53.34,69.67,48.24,69.24,2.76,1,36.22,23.57,20.37,86.44,7.5,14.76,2.82,18.77,17.71,22,13.33,
y16,23/24,1,1.16,10.12,3.58,35.4,266.67,182.93,68.6,42.88,132.4,24.28,44.93,63.19,94.95,44.95,36.02,13.98,251.05,114.12,45.46,4.28,1.05,24.46,30.44,6.56,21.54,0.65,0.33,50,23.21,2.8,12.02,4.21,1.16,27.62,4.19,0.86,20.56,0.12,0.02,20,15,4.81,32.09,4.84,4.95,22.37,2.65,9.77,14.33,61.67,20.67,33.52,2.05,1.37,12.33,4.67,37.92,70.37,44.23,62.86,71.49,31.63,44.24,3.12,1.35,43.28,43.4,19.65,10.28,1.63,0.07,124.28,72.37,58.23,37.14,33.67,90.67,70.35,52.86,75.14,62.81,30.35,48.32,55.84,29.23,52.35,67.67,45.44,67.15,0.95,0.3,31.71,26.44,22.02,83.29,10.74,13.86,2.36,24.34,18.54,22.79,10.38,1.37,1.47,12.33,4.42,35.85,371.02,283.21,76.33,57.12,131.88,24.35,45.84,61.7,99.23,46.21,39.33,13.7,251.05,120.19,47.87,4.74,1.3,27.45,32.93,8.02,24.36,1.02,0.58,56.82,24.6,3.21,13.04,5.26,1.51,28.76,2.53,0.47,18.35,0.09,0.05,50,17.56,5.56,31.66,5.58,7.49,27.4,4.4,10.4,19.63,70.35,26.12,37.12,1.95,0.98,10.12,3.91,38.62,61.7,41,66.45,71.49,33.84,47.33,2.09,1.02,48.89,40.86,20.14,10.07,1.53,0.09,147.93,95.07,64.27,52.35,48.81,93.25,119.7,99.79,83.37,61.23,30.42,49.68,62.65,36.98,59.02,79.14,54.93,69.41,1.53,0.74,48.48,27.26,22.67,83.19,9.07,14.15,3.23,17.67,17.53,21.65,8.07,
y17,23/24,1.41,1.49,11.85,4.46,37.61,364.96,280.2,76.78,51.59,122.15,22.3,45.61,54.24,92.17,44.35,36.61,11.22,256.57,123.91,48.3,4.8,1.48,30.77,29,7.46,25.71,1.07,0.44,40.82,25.76,3.4,13.16,5.59,1.63,29.18,3,0.57,18.84,0.2,0.15,77.78,16.02,4.78,29.85,4.85,6,24.41,4.7,9.78,16.83,83.09,31.37,37.76,2.61,1.43,11.43,4.48,39.16,77.48,51.35,66.27,55.72,25.83,46.35,2.76,1.33,48.03,41.39,18.17,9.85,1.76,0.15,145.07,92.46,63.73,49.28,46.2,93.74,121.57,103.8,85.39,58.39,26.2,44.86,58.87,33.24,56.46,73.63,49.54,67.29,1.87,0.72,38.37,25.46,22.54,88.56,8.61,14.52,3.19,16.86,18.3,21.69,10.45,1.43,1.3,11.43,4.33,37.83,349.83,268.33,76.7,48.41,122.15,18.74,44.63,58.78,93.22,40.54,39.48,13.2,256.57,119.02,46.39,5.07,1.63,32.19,32,7.04,22.01,0.8,0.39,48.65,24.17,3.35,13.85,4.96,1.28,25.88,3.22,0.7,21.62,0.15,0.09,57.14,13.8,4.7,34.02,4.57,5.89,21.85,3.26,7.91,16.13,77.48,26.11,33.7,1.78,1.41,11.85,4.76,40.18,83.07,51.72,62.26,55.74,25.17,45.16,3.87,2.17,56.18,41.8,18.57,11.33,1.93,0.09,141.04,91.83,65.1,53.43,49.87,93.33,107.98,91.37,84.62,58.39,30.61,52.42,59.83,34.65,57.92,74.33,54.26,73,1.74,0.8,46.25,26.5,23.72,89.5,9.07,14.85,3.05,17.49,18.57,21.64,10.39,
y18,23/24,1.59,1.51,13.09,4.59,35.05,345.85,258.35,74.7,50.9,132.43,23.28,46.54,62.61,100.28,46.59,39.93,13.76,254.28,122.39,48.13,5.48,1.57,28.57,32.09,7.98,24.86,1.48,0.65,44.12,25.11,3.8,15.24,5.46,1.67,30.68,3.59,0.63,17.58,0.13,0.13,100,16.98,5.48,32.27,5.37,5.74,24.28,3.48,10.5,18.11,72.41,27.52,38.01,2.74,1.65,12.61,4.72,37.41,72.96,47.39,64.96,62.09,28.74,46.29,5.35,2.74,51.22,42.59,19.93,10.5,2,0.13,143.28,90.87,63.42,47.87,44.43,92.82,105.76,86.39,81.69,58.04,29.57,50.94,60.8,34.87,57.35,76.37,54.2,70.96,2.63,0.76,28.93,27.2,23.57,86.65,9.74,15.08,2.9,17.44,18.16,21.67,8.38,1.65,1.45,12.61,4.54,36.03,326.87,242.57,74.21,49.1,132.3,24.11,48.04,60.15,99.04,46.33,39.46,13.26,254.28,116.54,45.83,5.2,1.3,25.1,32.54,8.33,25.58,1.63,0.54,33.33,25.83,3.20,12.37,4.83,1.41,29.28,3.09,0.7,22.54,0.15,0.11,71.43,12.61,3.98,31.55,4.11,6.11,22.43,4.28,7.57,17,72.98,25.57,35.03,1.54,1.59,13.09,4.85,37.04,72.41,44.87,61.96,62.07,27.57,44.41,4.22,2.09,49.48,49.26,20.96,10.43,2.33,0.15,139.46,86.52,62.04,48.52,44.89,92.52,94.22,78.59,83.41,57.35,27.28,47.57,57.83,33.13,57.29,74.35,51.37,69.09,1.93,0.67,34.83,26.65,22.93,86.05,10.43,14.46,2.74,18.75,18.39,21.98,9.19,
y19,23/24,1.26,1.45,11.3,4.28,37.88,336.54,251.85,74.83,42.84,126.3,23.13,44.78,58.39,94.37,46.65,35.33,12.39,232.35,113,48.63,4.33,1.24,28.64,27.48,7.13,25.95,0.91,0.41,45.24,23.28,3.5,14.85,4.22,1.65,39.18,3.46,1.09,31.45,0.09,0.09,100,13.09,4.72,36.05,4.8,5.74,20.35,2.37,8.57,15.46,51.3,19.43,37.88,2.07,1.43,11.09,4.37,39.41,73.61,45.78,62.2,64.48,30.43,47.2,3.02,1.8,59.71,44.67,19.89,10.57,1.59,0.07,141.76,85.83,60.54,48.87,45.59,93.28,100.54,84.46,84,65.46,32.26,49.29,58.59,29.91,51.06,72.67,50.09,68.92,1.5,0.72,47.83,25.24,22.96,90.96,9.7,15.56,3.02,20.05,17.57,21.83,13.55,1.46,1.4,11.09,4.11,37.06,450.59,364.24,80.84,57.16,126.13,21.59,42.28,62.26,97.87,44.83,39.61,13.43,232.35,105.22,45.28,4.83,1.3,27.03,33.89,7.15,21.1,0.98,0.48,48.89,23.76,2.89,12.17,4.91,1.3,26.55,2.61,0.33,12.5,0.17,0.15,87.5,18.26,5.37,29.4,5.63,5.52,25.61,3.35,11.48,15.13,73.61,27.83,37.8,1.46,1.24,11.3,4.43,39.23,51.26,31.83,62.09,64.52,29.07,45.05,2.17,0.93,43,37.87,17.37,10.17,1.28,0.17,164.13,112.46,68.52,65,61.15,94.08,164,145.2,88.53,62.57,31.98,51.11,70.52,43.39,61.53,83.54,61.5,73.61,2.02,0.87,43.01,26.11,23.74,90.92,8.24,15.27,4.03,15.17,18.44,21.62,11.12,
y20,23/24,1.16,1.34,11.77,4.14,35.14,369.09,278.09,75.34,51.82,135.73,26.75,55.09,53.89,102.55,50.52,40.11,11.91,254.32,118.25,46.5,5.59,1.48,26.42,29.59,7.16,24.19,1.41,0.66,46.77,25.5,3.3,13.01,5.11,1.66,32.44,2.73,0.55,20,0.16,0.11,71.43,14,3.8,27.11,3.75,5.27,23.02,4.91,7.61,16.3,82.36,29.43,35.73,1.95,1.5,12.02,4.7,39.13,74.45,47.3,63.52,55.52,24.8,44.66,3.34,1.86,55.78,48.05,21.43,10.73,1.91,0.16,150.61,94.89,63,52.57,48.2,91.7,118.23,99.64,84.28,61.14,29.09,47.58,55.43,30.93,55.8,79.23,51.95,65.58,2.48,0.98,39.45,27.8,24.09,86.67,8.86,14.82,3.08,17.46,19.88,21.82,9.1,1.5,1.48,12.02,4.52,37.62,350.41,254.57,72.65,48.18,136.66,21.09,48.25,67.32,101.93,40,46,15.93,254.32,123.14,48.42,5.07,1.41,27.8,32.02,7.2,22.5,0.93,0.36,39.02,25.75,3.68,14.3,5.82,1.8,30.86,3.39,0.8,23.49,0.25,0.25,100,17.2,5.18,30.12,5.34,6.39,26,3.91,10.11,18.77,74.43,27.11,36.43,2.41,1.16,11.77,4.34,36.87,82.36,52.91,64.24,55.55,26.64,47.95,3.91,1.95,50,43.64,17.25,10.95,2.2,0.07,145.86,86.55,59.33,49.3,45.57,92.44,106.55,87.5,82.12,61.48,27.2,44.25,64.07,33.55,52.36,72.7,50.14,68.96,1.95,0.75,38.37,28.48,24.48,85.95,9.23,15.09,2.93,18.64,18.3,21.92,8.97,
y21,23/24,1.28,1.23,12.63,4.1,32.48,478.4,395.55,82.68,57.52,119.53,19.6,42.2,57.73,93.4,44.05,36.28,13.08,239.05,111.53,46.65,6.63,1.98,29.81,33.85,7.73,22.82,0.8,0.45,56.25,24.55,3.5,14.46,5.28,1.83,34.6,2.93,0.58,19.66,0.13,0.08,60,12.8,3.6,28.13,3.73,9.08,23.98,4.05,6.83,18.95,81.6,28.9,35.42,1.98,1.55,11.85,4.8,40.51,66.65,42.73,64.1,49.48,23.05,46.59,5,2.53,50.5,38.13,16.55,8.8,1.55,0.08,164.23,115.5,70.33,77,72.98,94.77,162.88,145.4,89.27,57.68,30.05,52.1,69.88,46.7,66.83,85.6,62.88,73.45,2.3,0.9,39.13,23.85,21.9,91.82,8.15,16.11,4.27,12.46,20.04,20.13,10.36,1.55,1.6,11.85,4.6,38.82,338.48,258.7,76.43,42.48,121.65,21,42.8,57.85,92.68,41.85,38.1,12.73,239.05,115.68,48.39,4.6,1.38,29.89,28.03,7.43,26.49,1.78,0.73,40.85,22.18,3.10,13.98,4.95,1.53,30.81,2.68,0.5,18.69,0.15,0.13,83.33,12.85,4.03,31.32,3.98,6.15,22.23,4.03,7.33,17.05,66.65,23.93,35.9,1.65,1.28,12.63,4.38,34.65,81.6,52.7,64.58,49.48,22.05,44.57,3.9,1.9,48.72,42.5,15.98,11.75,2.1,0.05,134.7,85.2,63.25,50.38,47.38,94.04,110.03,92.73,84.28,55.45,25.98,46.84,56.55,31.15,55.08,71.3,48.78,68.41,1.7,0.8,47.06,21.7,18.78,86.52,8.23,15.1,3.12,17.76,17.98,22.18,11.99,
y22,23/24,1.19,1.21,10.6,3.84,36.18,282.02,188.86,66.97,46.42,139.7,24.33,49.79,65.58,101.95,45.05,43.86,13.05,267.65,128.07,47.85,4.16,1.35,32.4,29.84,6.56,21.98,1.09,0.53,48.94,24.56,3.0,12.22,4.81,1.16,24.15,3.3,0.7,21.13,0.09,0.05,50,16,4.49,28.05,4.49,5.16,24.07,3.47,9.63,16.02,67.23,24.98,37.15,2.42,1.37,13.72,4.93,35.93,82.79,52.98,63.99,68.35,29.6,43.31,3.7,1.77,47.8,49.56,23.63,11.6,2.42,0.16,136.14,77.79,57.14,32.09,28.81,89.78,74.12,55.4,74.74,63.4,29.02,45.78,58.72,29.7,50.57,69.65,46.37,66.58,2.21,0.86,38.95,29.3,25.37,86.59,9.33,14.04,2.32,23.05,18.38,22.4,7.96,1.37,1.67,13.72,4.7,34.24,339.53,247.12,72.78,53.58,139.67,24.79,52.37,62.51,103.4,48,41.67,13.72,267.65,122.72,45.85,5.16,1.51,29.28,33.65,8.44,25.09,1.28,0.72,56.36,25.91,3.60,13.91,5.33,1.72,32.31,3.81,0.58,15.24,0.28,0.21,75,14.88,4.12,27.66,4.3,7.21,24.58,4.58,8.37,19.51,82.81,29.81,36,2.09,1.16,10.6,3.98,37.5,67.21,42.23,62.84,68.35,32.3,47.26,2.47,1.21,49.06,45.47,20.47,11.12,1.95,0.12,148.4,91.88,61.92,51.14,46.91,91.72,92.33,73.86,80,66.12,31.7,47.94,58.47,32.81,56.13,80.05,54.51,68.1,1.88,0.67,35.8,33.33,28.35,85.07,9.07,14.56,2.68,20.16,18.15,21.96,7.51,
y23,23/24,2.27,1.82,14.5,6,41.38,528.52,434.83,82.27,61.95,122.31,23.15,43.56,55.6,91,42.33,35.67,13,219.08,107.67,49.14,6.15,2,32.54,30.94,8.46,27.34,1.31,0.50,38.1,30.67,4.4,14.2,6.33,1.83,28.95,1.85,0.33,17.98,0.31,0.27,86.67,18.33,5.25,28.64,5.15,9.19,30.13,4.9,10.27,21.9,73.54,29.9,40.65,2.35,1.6,11.71,4.48,38.26,67.88,43.46,64.03,40.27,18.63,46.25,3.21,1.54,48.05,38.73,14.38,8.54,1.67,0.1,184.31,130.63,70.87,76.38,72.13,94.44,195.13,174.73,89.55,60.54,28.83,47.63,66.88,40.46,60.5,84.77,58.48,68.99,2.69,1.02,37.98,25.44,23.13,90.91,9.1,16.12,4.58,11.91,18.74,20.38,9.14,1.6,1.49,11.71,4.21,35.94,295.44,214.96,72.76,38.05,114.33,20.54,39.38,54.42,87.46,40.15,33.48,13.83,219.08,100.35,45.81,4.4,1.17,26.54,28.67,7.56,26.38,1.23,0.79,64.41,22.06,2.87,13.03,4.46,1.31,29.44,2.94,0.73,24.82,0.15,0.1,71.43,13.13,4.33,33.02,4.27,5.73,21.77,3.88,7.33,17,67.92,24.42,35.95,3.44,2.27,14.5,6.13,42.24,73.5,43.6,59.33,40.27,18.15,45.06,3.4,1.65,48.47,50.96,17.71,12.38,2.5,0.19,127.27,76.38,60.01,43.88,40.6,92.55,84.81,69.15,81.53,59.27,29.4,49.6,54.38,28.9,53.14,67.25,44.27,65.83,1.27,0.4,31.15,21.19,18.35,86.63,9.1,14.62,2.66,21.05,17.95,22.85,14.09,
y24,23/24,1.8,1.55,11.07,4.69,42.37,429.27,352.8,82.19,54.48,111.29,18.96,39.04,53.29,86.4,38.16,36.42,11.82,224.71,107.78,47.96,4.33,1.24,28.72,30.16,7.2,23.88,1.02,0.40,39.13,23.78,2.8,11.78,4.76,1.07,22.43,2.93,0.58,19.7,0.13,0.07,50,11.73,3.36,28.6,3.58,7.04,21.22,3.8,6.58,16.4,68.82,25.33,36.81,2.53,0.98,9.38,3.22,34.36,65,41.64,64.07,48.42,24.24,50.07,2.62,1.24,47.46,35.69,14.84,10.27,2,0.07,150.31,103.78,69.04,72.76,68.62,94.32,145.73,130.4,89.48,56.13,27.64,49.25,62.16,37.69,60.64,75.53,55.22,73.11,2.36,1.02,43.4,24.51,21.62,88.21,8.87,15.51,4.04,13.81,17.78,20.78,10.78,1,1.02,9.38,3,31.99,340.53,263.38,77.34,45.52,110.22,18.67,42.07,49.49,84.96,41,33.22,10.73,224.71,103.84,46.21,4.4,1.13,25.76,25.16,6.04,24.03,0.93,0.42,45.24,22.64,2.58,11.38,3.84,1.09,28.32,3,0.82,27.41,0.09,0.07,75,12.22,3.53,28.91,3.71,4.82,19.49,2.96,7.67,12.27,65,23.36,35.93,1.13,1.8,11.07,4.98,44.98,68.82,43.49,63.19,48.42,19.91,41.12,4.38,2.02,46.19,38.31,16.22,11.22,2.33,0.02,132.13,84.42,63.89,51.44,47.56,92.44,112.64,96.33,85.52,57.11,27.38,47.94,53,28.98,54.68,66.47,45,67.7,1.51,0.38,25,22.76,20.29,89.16,8.09,14.82,3.22,17.61,19.45,21.72,13.06,
y25,23/24,2.59,2.26,16.02,6.27,39.12,385.51,307.24,79.7,58.86,114.39,19.54,40.15,54.71,94.29,44.85,34.95,14.49,246.22,121.8,49.47,4.8,1.54,31.98,35.2,10.1,28.69,1.41,0.73,51.72,27.34,4.2,15.25,6.37,1.83,28.74,3.88,0.9,23.27,0.24,0.17,70,21.39,8.07,37.74,8.05,7.71,28.17,4.63,13.49,24.83,75.29,31.8,42.24,2.22,1.27,11.22,4.54,40.43,67.27,41.05,61.02,61.71,31.68,51.34,2.41,1.17,48.48,37.24,15.22,11.49,1.41,0.05,136,92.98,68.36,56.56,52.51,92.84,146.63,127.68,87.08,55.02,30.93,56.21,51.93,31.63,60.92,74.54,53.63,71.96,3.12,1.54,49.22,25.44,21.68,85.23,7.68,14.79,3.37,14.89,16.68,22.36,7.36,1.27,1.39,11.22,4.34,38.7,257.2,186.56,72.54,41.14,116.46,23.29,39.39,53.78,84.32,41.02,31.46,11.83,246.22,113.78,46.21,4.83,1.39,28.79,26,6.63,25.52,1.78,0.63,35.62,25,3.00,12,4.59,1.29,28.19,3.78,0.68,18.06,0.22,0.17,77.78,11.54,3.63,31.5,3.49,5.07,18.76,3.27,6.78,14.46,67.27,26.22,38.98,1.54,2.59,16.02,6.54,40.79,75.32,43.49,57.74,61.68,27.15,44.01,3.41,1.34,39.29,48.59,22.39,12.56,2.07,0.15,112.83,68.12,60.38,39.1,35.44,90.64,68.49,55.27,80.7,49.63,24.32,48.99,49.22,27.02,54.91,61.68,43.12,69.91,2.9,1.02,35.29,23.37,20.1,86.01,9.83,14.1,2.32,20.4,18.71,22.31,10.51,
y26,23/24,1.87,1.62,13.04,5.57,42.74,425.32,341.15,80.21,53.97,118.6,21.32,40.91,56.36,95.34,46.68,35.68,12.98,241.21,114.13,47.31,5.45,1.81,33.2,32.62,8.02,24.59,1.15,0.51,44.44,25.55,3.6,14.24,4.77,1.23,25.89,2.23,0.55,24.76,0.21,0.21,100,12.26,3.68,30.03,3.79,9.51,25.96,5.47,6.36,20.13,81.32,29.7,36.53,2.94,1.17,10.4,3.83,36.81,70.15,44.72,63.75,47.7,21.81,45.72,1.98,0.98,49.46,41.36,14.87,10.38,1.4,0.06,166.36,114.53,68.85,67.51,63.28,93.73,127.17,110.06,86.55,57.26,28,48.9,64.51,39.17,60.72,81.66,58.34,71.44,3.83,1.6,41.67,24,21.13,88.03,8.28,16.21,3.76,13.97,18.61,20.15,9.53,1.87,1.62,13.04,5.57,42.74,425.32,341.15,80.21,53.97,118.6,21.32,40.91,56.36,95.34,46.68,35.68,12.98,241.21,114.13,47.31,5.45,1.81,33.2,32.62,8.02,24.59,1.15,0.51,44.44,25.55,3.64,14.24,4.77,1.23,25.89,2.23,0.55,24.76,0.21,0.21,100,12.26,3.68,30.03,3.79,9.51,25.96,5.47,6.36,20.13,81.32,29.7,36.53,2.94,1.17,10.4,3.83,36.81,70.15,44.72,63.75,47.7,21.81,45.72,1.98,0.98,49.46,41.36,14.87,10.38,1.4,0.06,166.36,114.53,68.85,67.51,63.28,93.73,127.17,110.06,86.55,57.26,28,48.9,64.51,39.17,60.72,81.66,58.34,71.44,3.83,1.6,41.67,24,21.13,88.03,8.28,16.21,3.76,13.97,18.61,20.15,9.53,
y27,23/24,2.39,2.14,15.17,5.98,39.4,463.72,386.59,83.37,61.34,106.78,20.74,35.78,50.26,84.89,43.3,28.43,13.15,225.13,109.13,48.47,4.52,1.39,30.77,35,9.98,28.51,1.57,0.81,51.39,26.59,3.5,13.25,6.2,1.37,22.11,2.15,0.33,15.15,0.2,0.11,55.56,11.7,3.54,30.3,3.43,15.26,31.76,8.83,3.98,30.78,89.13,33.78,37.9,2.13,1.02,8.76,3.24,36.97,63.43,40.89,64.46,37,18.85,50.94,2.67,1.39,52.03,35.52,13.48,10.33,1.37,0.07,159.07,116.37,73.16,69.87,65.28,93.43,161.63,145.87,90.25,44.85,23.96,53.42,56.11,38.41,68.46,78.52,56.89,72.45,4.15,1.8,43.46,25.98,24.39,93.89,7.61,15.76,4.18,10.11,16.65,19.26,8.38,1.02,1.08,8.76,3.09,35.24,274.93,208.76,75.93,38.66,103.26,20.76,31.46,51.04,79.8,37.43,29.41,12.96,225.13,106.72,47.4,3.8,0.89,23.43,24.98,5.07,20.28,1.65,0.59,35.53,22.28,2.78,12.49,3.57,1.07,29.88,3.22,0.74,22.97,0.09,0.04,50,10.87,3.07,28.2,3.26,4.65,18.52,3.02,6.43,12.57,63.43,22.54,35.54,1.15,2.39,15.17,6.28,41.4,89.13,55.35,62.1,37,15.24,41.19,4.78,2.52,52.73,43.8,16.89,12.17,2.46,0.2,110.72,70.8,63.95,40.46,37.39,92.42,85.33,71.65,83.97,47.46,24.22,51.03,46.35,27.26,58.82,59.24,41.85,70.64,2.13,0.61,28.57,19.5,17,87.18,8.98,14.54,2.7,18.75,18.84,21.78,10.45,
y28,23/24,1.77,1.34,10.21,4.28,41.88,285.06,189.19,66.37,46.47,141.17,23.32,47.15,70.7,104.28,46.62,43.7,13.96,269.91,128.66,47.67,3.85,1.17,30.39,30.4,5.72,18.82,1.3,0.58,44.26,24.13,3.3,13.58,4.19,1.4,33.5,4.7,1.06,22.62,0.09,0.09,100,12.49,3.57,28.62,3.83,6.91,24.3,2.89,7.74,16.15,62.51,20.49,32.78,2.64,1.09,10.53,3.53,33.54,75.94,48.55,63.94,74.23,36.36,48.98,3.28,1.91,58.44,48.57,21.89,12.55,1.94,0.06,140.02,79.51,56.78,37.02,32.77,88.51,67.49,49.74,73.71,66.53,32.21,48.42,65.45,34.64,52.93,73.66,50.51,68.57,2.85,1.06,37.31,27.53,22.04,80.06,9.79,14.39,2.4,23.47,17.51,22.13,7.88,1.09,1.11,10.53,3.26,30.91,347.83,250.81,72.11,53.53,144.11,26.94,52.94,64.23,106.79,53.19,40.06,13.53,270.26,122.66,45.39,4,0.98,24.47,30.79,6.62,21.49,1.11,0.43,38.46,26.32,2.83,10.75,5.13,1.23,24.07,3.87,0.77,19.78,0.09,0.06,75,15.09,4.38,29.06,4.45,5.98,23.89,3.79,8.72,17.06,76.09,27.4,36.02,2.4,1.77,10.21,4.49,43.96,62.53,41.94,67.06,74.38,32.02,43.05,3.09,1.53,49.66,45.91,19.66,10.38,1.49,0,155.66,93.96,60.36,46.57,43.11,92.55,98.11,79.49,81.02,69.23,33.32,48.13,59.68,31.4,52.62,81.72,53.19,65.09,2.45,0.96,39.13,30.19,25.43,84.21,8.53,14.97,2.83,20.89,17.97,22.09,7.82,
y29,23/24,1.96,1.91,12.98,5,38.52,466.53,380.15,81.48,59.12,118,22.94,42.79,52.28,91.28,46.06,33.32,11.89,227.68,108.64,47.72,4.09,1.32,32.29,27.43,7.79,28.39,1.43,0.60,41.79,28.55,3.9,13.64,5.15,1.68,32.64,1.91,0.51,26.67,0.23,0.19,81.82,16,5.23,32.71,5.17,9.04,27.04,4.51,8.72,22.55,72,27.66,38.42,2.3,1.53,12.62,4.79,37.94,70.17,44.45,63.34,48.72,22,45.15,3.74,1.81,48.3,41.21,15.11,9.43,1.45,0.06,162.87,111.34,68.36,63.26,59.7,94.38,180.91,162.79,89.98,60.38,29.74,49.26,58.45,33.91,58.03,81.64,56.28,68.93,3.19,1.19,37.33,23.83,21.38,89.73,8.74,16.12,4.19,13.45,16.75,21.38,9.07,1.53,1.62,12.62,4.62,36.59,298.91,220.66,73.82,40.88,113.91,18.49,37.53,57.89,90.3,40.38,35.32,14.6,227.68,107.79,47.34,4.74,1.06,22.42,29.45,7.85,26.66,1.4,0.66,46.97,22.96,3.30,14.37,4.66,1.47,31.51,3.11,0.55,17.81,0.28,0.19,69.23,12.53,4.04,32.26,4.19,6.11,22.23,4.23,7.4,17.72,70.17,25.72,36.66,3.68,1.96,12.98,5.28,40.66,72,44.34,61.58,48.72,22.47,46.11,3.79,1.83,48.31,45.21,13.96,11.94,1.74,0.11,127.23,77.57,60.97,44.85,40.96,91.32,87.09,71.28,81.85,58.62,28.87,49.26,55.98,30.72,54.88,68.53,47.72,69.64,3.26,1.17,35.95,20.77,17.98,86.58,8.66,14.85,2.75,20.71,17.96,22.51,12.34,
y30,23/24,1.43,1.57,11.96,4.51,37.72,303.98,210.91,69.38,48.08,137.51,20.26,49.68,67.57,104.62,45.57,44.04,15,275.96,127.57,46.23,4.09,1.11,27.08,33.55,7.49,22.32,0.89,0.51,57.14,24.79,3.4,13.65,5.83,1.6,27.37,3.62,0.77,21.18,0.21,0.15,70,19.3,6.47,33.52,6.81,6.15,27.47,3,12.04,18.32,77.17,27.79,36.01,2.13,1.04,12.96,4.57,35.3,75.68,47.83,63.2,72.04,33,45.81,2.49,1.09,43.59,46.17,17.96,11.53,1.53,0.13,138.74,82.45,59.42,36.89,33.77,91.52,91.28,70.34,77.06,64.81,31.81,49.08,61.43,31.83,51.82,78.4,54.83,69.93,2.47,0.81,32.76,31.09,25.02,80.49,8.91,14.38,2.46,21.91,17.23,23.42,8.28,1.06,1.53,12.96,4.36,33.66,337.7,242.85,71.91,51.92,137.32,25.02,52.34,59.96,103.34,49.66,41.87,11.81,275.96,132.21,47.91,5.45,1.34,24.61,29.51,7.62,25.81,1.6,0.85,53.33,27.09,3.70,13.67,4.7,1.49,31.67,2.83,0.7,24.81,0.23,0.13,54.55,14.91,4.6,30.81,4.72,6.66,24.34,4.04,8.89,18.26,75.7,27.85,36.79,1.83,1.43,11.96,4.77,39.86,77.17,49.38,63.99,72.02,33.79,46.91,3.4,1.64,48.13,49.89,23.13,10.83,1.68,0.06,148.4,90.02,60.66,47.28,42.83,90.59,96.45,77.36,80.21,69,33.66,48.78,60.51,32.3,53.38,81.47,54.38,66.75,2.43,0.72,29.82,28.26,23.96,84.79,11.45,14.61,2.69,21.64,18.77,22.24,7.84,
y31,23/24,1.52,1.5,12.08,4.31,35.69,455.25,365.75,80.34,58.31,123.17,21.38,45.73,56.06,93.79,45.04,36.6,12.15,232.38,109.94,47.31,4.81,1.31,27.27,32.42,7.75,23.91,1.44,0.61,42.03,24.56,3.1,12.72,4.4,1.31,29.86,2.02,0.4,19.59,0.19,0.15,77.78,16.96,5.67,33.42,5.5,8.02,26.56,4.46,9.75,20.63,77.58,28.19,36.33,1.71,1.17,9.79,3.98,40.64,68.52,43.96,64.15,48.54,23.1,47.6,4.17,2.06,49.5,41.29,17,9.5,1.44,0.04,164.94,110.81,67.18,69,64.23,93.09,162,143.65,88.67,59.4,29.44,49.56,60.98,36.69,60.16,82.75,58.81,71.07,3.44,1.27,36.97,24.88,21.69,87.19,8.4,15.81,4.08,13.64,18.04,20.62,8.96,1.17,1.31,9.79,3.85,39.36,312.1,226.77,72.66,41.69,122.13,19.92,42.79,59.42,90.58,40.83,37.31,12.44,232.38,111.71,48.07,3.6,1.06,29.48,28.27,5.73,20.27,1,0.40,39.58,22.38,3.08,13.78,4.67,1.46,31.25,3.25,0.79,24.36,0.1,0.08,80,12.06,3.63,30.05,3.98,5.88,21.77,3,7.02,15,68.52,24.56,35.85,2.56,1.52,12.08,4.52,37.41,77.58,49.4,63.67,48.54,21.98,45.28,3.92,1.75,44.68,46.73,16.63,10.31,1.69,0.17,136.92,81.31,59.39,47.46,44.23,93.2,81.1,66.15,81.56,60.19,28.19,46.83,57.29,29.58,51.64,69.77,47.58,68.2,2.73,0.83,30.53,23.81,20.25,85.04,9.02,15.09,2.85,20.28,17.83,21.79,11.14,
y32,23/24,1.49,1.47,10.29,3.96,38.44,250.91,171.04,68.17,46.79,126.27,21.22,43.53,61.51,91.64,41.49,37.04,13.11,246.11,112.36,45.65,3.89,1.36,34.86,28.62,5.64,19.72,1.2,0.53,44.44,24.47,3.6,14.71,4.6,1.33,28.99,3.49,1.02,29.3,0.11,0.09,80,11.49,3.51,30.56,3.76,5.18,20.09,2.93,6.58,14.56,64.93,21.87,33.68,2.38,1.27,10.8,4.36,40.33,64.71,40.49,62.57,72.07,32.31,44.84,2.56,1.11,43.48,43.31,20.02,10.98,1.42,0.07,121.38,69.6,57.34,32.47,29.4,90.55,64.31,50.07,77.85,61.62,30.71,49.84,55.44,29.51,53.23,67.58,46.64,69.02,1.93,0.64,33.33,27.13,21.78,80.26,8.62,13.38,2.22,24.93,17.31,23.58,8.91,1.27,1.26,10.8,4.09,37.86,314.09,225.96,71.94,53.21,127.49,23.58,46.71,57.2,93.62,46,35.49,12.13,246.11,118.44,48.13,4.51,1.31,29.06,27.2,6.49,23.86,1.02,0.47,45.65,25.16,3.31,13.16,5.2,1.78,34.19,3.11,0.62,20,0.11,0.09,80,15.31,4.22,27.58,4.24,5.33,22.69,3.44,8.84,15.2,64.71,24.22,37.43,3.31,1.49,10.29,4.13,40.17,64.93,43.07,66.32,72.07,34.02,47.21,2.53,1.29,50.88,42.47,18.67,10.73,1.51,0.13,135.84,81.18,59.76,43.42,40.31,92.84,90.47,71.96,79.54,62.69,29.82,47.57,56.4,28.71,50.91,70.22,46.02,65.54,2.56,1.04,40.87,27.27,23.24,85.25,9.49,14.37,2.78,21.13,17.96,22.29,7.17,
y33,23/24,1.61,1.55,11.15,4.89,43.86,389.13,305.85,78.6,53.09,118.26,25.39,44.28,48.59,89.17,47.2,31.43,10.54,240.93,115.91,48.11,3.89,1.37,35.2,26.85,5.91,22.02,1.35,0.74,54.84,26.63,3.8,14.45,4.61,1.41,30.66,2.78,0.85,30.47,0.22,0.17,80,13.89,4.33,31.14,4.41,5.87,22.3,2.61,9.17,14.8,75.09,28.76,38.3,2.11,1.43,12.04,4.7,38.99,74.74,47.7,63.82,51.43,22.93,44.59,2.02,1.02,50.54,41.83,19.28,10.35,1.28,0.02,145.39,96.24,66.19,57.46,53.15,92.51,134.07,115.41,86.09,60.46,31.83,52.64,53.85,31.5,58.5,78.17,52.5,67.16,2.98,1.37,45.99,24.24,22,90.76,8.78,15.44,3.48,16.08,17.32,21.38,9.86,1.43,1.35,12.04,4.37,36.28,342.52,262.28,76.57,46.91,118.17,17.63,37.28,63.26,90.22,37.24,37.04,15.93,240.93,113.24,47,5.04,1.52,30.17,32.93,7.24,21.98,1.26,0.56,44.83,23.2,3.67,15.84,4.93,1.63,33.04,3.5,0.93,26.71,0.13,0.09,66.67,15.02,4.83,32.13,4.83,7.04,24.09,3.65,9.13,17.09,74.72,27.02,36.17,1.33,1.61,11.15,5.26,47.17,75.11,46.33,61.68,51.43,24.37,47.38,2.93,1.28,43.7,41.91,15.65,13.2,2.13,0.09,138.13,90.17,65.28,52.22,48.48,92.84,106.35,89.7,84.34,55.54,28.54,51.39,59.28,34.41,58.05,71.26,52.89,74.22,1.96,0.74,37.78,25.15,22.04,87.64,7.85,15.1,3.1,17.46,18.22,21.67,9.15,
y34,23/24,1.45,1.48,11.48,4.39,38.22,335.32,253.25,75.53,46.86,126.89,24.36,47.11,55.41,95.86,47.82,36.64,11.41,258.27,125.73,48.68,4.57,1.43,31.34,29.77,7.16,24.05,1.52,0.73,47.76,23,3.2,14.03,4.66,1.5,32.2,2.82,0.43,15.32,0.09,0.05,50,16.14,5.3,32.82,5.27,5.25,22.66,3.95,9.91,15.64,75.8,28.57,37.69,1.8,1.45,13.45,5.23,38.85,82.59,52.14,63.13,59.77,28.84,48.25,3.09,1.5,48.53,45.05,20.09,11.07,1.45,0.02,138.11,89.52,64.82,48.91,44.86,91.73,105.32,87.34,82.93,58.89,30.5,51.79,57,33.84,59.37,76.89,53.55,69.64,2.39,1,41.9,24.14,20.55,85.12,9.48,14.74,2.99,18.26,18.25,22.07,10.58,1.45,1.67,13.45,4.98,36.99,403.41,318.14,78.86,53.14,125.36,18.59,43.18,63.59,97.18,42.11,40.57,14.5,258.27,120.57,46.68,5.84,1.84,31.52,33.2,8.86,26.69,0.61,0.36,59.26,24.14,3.68,15.25,5,1.5,30,2.48,0.48,19.27,0.2,0.11,55.56,15.95,5.43,34.05,5.32,7.64,25.75,3.93,10.23,18.11,82.59,30.45,36.87,1.3,1.45,11.48,4.52,39.41,75.8,47.23,62.31,59.77,26.95,45.1,3.16,1.64,51.8,41.64,15.39,9.66,1.68,0.02,152.73,101.89,66.71,59.95,56.02,93.44,135.43,116.64,86.12,61.66,31.48,51.05,64.91,39.43,60.75,81.27,60.86,74.89,2.68,1.07,39.83,23.07,20.39,88.37,8.02,15.38,3.55,16.77,18.76,21.34,9.16,
y35,23/24,1.78,1.7,14.56,5.64,38.78,337.31,251.96,74.7,53.51,115.29,18.38,35.91,61,88.91,37.96,36.53,14.42,234.2,114.8,49.02,5.69,1.82,32.03,32.87,8.89,27.05,1.69,0.87,51.32,25.13,4.2,16.89,6.02,1.96,32.47,3.07,0.91,29.71,0.16,0.11,71.43,19.31,6.8,35.21,6.87,6.2,27.33,3.6,12.2,18.53,67.73,27.84,41.11,2.02,1.51,9.69,4.16,42.89,65.98,41.31,62.61,56.93,28.29,49.69,4.02,2.07,51.38,38.67,15.33,11.11,1.89,0.11,133.33,81.76,61.32,46.38,43.02,92.76,113.07,94.8,83.84,62.36,30.13,48.33,61.42,33.42,54.41,70.38,50.56,71.83,2.69,0.84,31.4,25.96,24.69,95.12,8.13,14.35,2.96,19.37,17.72,22.93,7.78,1.51,1.32,9.69,3.98,41.06,293.8,214.29,72.94,46.49,118.09,24.64,42.09,51.36,87.13,48.31,28.24,10.58,234.2,105.47,45.03,3.2,0.78,24.31,25.29,6.02,23.81,1.76,0.76,43.04,25.24,2.51,9.95,4.56,1.16,25.37,3.04,0.64,21.17,0.07,0.04,66.67,11.62,3.47,29.83,3.53,5.33,20.67,3.49,7.13,15.42,66.02,24.67,37.36,2.93,1.78,14.56,5.82,40,67.71,39.87,58.88,56.91,24.24,42.6,2.89,1.64,56.92,43.78,19.42,10.44,1.44,0,127.73,77.87,60.96,42.36,38.96,91.97,85.78,69.58,81.11,58,28.11,48.47,50.11,25.4,50.69,66.18,42.67,64.47,2.47,0.84,34.23,24.13,20.49,84.9,10.47,14.42,2.64,20.85,17.44,22.73,11.52,
y36,23/24,1.43,1.45,10.84,3.91,36.06,345.5,258.75,74.89,48.52,123.11,22.82,42.05,58.25,92.84,45.23,36.16,11.45,234.89,109.66,46.69,4.45,1.32,29.59,29.41,6.32,21.48,1.27,0.66,51.79,21.59,3.3,15.47,5.07,1.82,35.87,2.34,0.64,27.18,0.25,0.2,81.82,14.41,3.64,25.24,3.55,5.34,21.64,3.18,7.91,13.93,63.18,21.34,33.78,2.3,1.23,11,4.75,43.18,70.52,43.59,61.81,60.36,28.68,47.52,3.3,1.73,52.41,44.16,18.91,9.77,1.48,0.07,142.23,87.11,61.25,48.84,45.93,94.04,107.5,90.61,84.29,61.3,29.75,48.54,63.61,35.43,55.7,74.66,52.32,70.08,2.52,0.91,36.04,24.59,21.73,88.35,7.57,15.56,3.13,18.35,18.27,22.28,10,1.23,1.42,11,4.43,40.29,346.48,261.41,75.45,51.48,123.05,19.27,43.45,60.32,93.48,45.05,34.82,13.61,234.89,113.48,48.31,4.64,1.7,36.76,30.25,6.59,21.79,1.05,0.39,36.96,23.34,3.18,13.63,5.16,1.34,25.99,3,0.52,17.42,0.2,0.16,77.78,15.43,4.39,28.42,4.73,5.8,22.91,3.55,9,16.27,70.55,26.93,38.18,1.89,1.41,10.84,4.36,40.25,63.18,41.84,66.22,60.36,27.43,45.44,2.68,1.36,50.85,43.41,18.45,9.39,1.52,0.09,143,90.77,63.48,52,48.5,93.27,102.32,84.93,83.01,60.98,31.09,50.99,59.32,33.77,56.93,73.64,52.23,70.93,2.07,0.55,26.37,25.93,22.89,88.26,8.11,14.46,3.14,18.94,18.5,21.72,10.06,
y37,23/24,1.28,1.69,13.72,5.02,36.61,276.76,189.39,68.43,46.71,137.76,20.46,48,69.3,104.52,45.11,42.91,16.5,277.7,132.37,47.67,5.37,1.67,31.17,34,9.07,26.66,1.26,0.56,44.83,22.26,3.2,14.55,5.28,1.33,25.1,3.28,0.8,24.5,0.28,0.09,30.77,12.76,3.2,25.04,3.39,7.87,23.57,3.8,7.22,20.89,74.13,25.87,34.9,2.09,1.13,9.43,3.7,39.17,74.57,49.76,66.73,78.07,37.57,48.12,3.13,1.57,50,44.3,17.35,11.48,1.46,0.04,129.72,75.22,57.99,36.87,33.15,89.92,70.02,53.09,75.81,59.59,28.74,48.23,57.13,31.52,55.18,72.2,49.7,68.83,2.87,1.3,45.45,27.26,20.91,76.71,7.7,14.12,2.38,21.91,17.97,22.44,8.12,1.13,1.22,9.43,3.5,37.1,328.37,238.96,72.77,53.29,139.96,27.85,52.41,59.7,102.93,51.83,38.87,12.24,277.7,127.98,46.09,3.76,1.02,27.17,27.93,5.59,20,1.37,0.54,39.68,25.41,2.76,10.86,4.3,1.17,27.27,3.5,0.89,25.47,0.2,0.17,88.89,11.65,3.43,29.48,3.43,5,19,3,6.61,13.57,74.57,24.8,33.27,1.74,1.28,13.72,5.35,38.99,74.13,48.26,65.1,78.07,34.5,44.19,3.48,1.8,51.88,46.28,23.63,10.13,1.78,0.02,143.8,87.09,60.56,45.98,41.72,90.73,92.63,75.98,82.02,61.7,30.65,49.68,57.46,30.24,52.63,75.5,49.67,65.79,2.46,0.96,38.94,28.13,23.65,84.08,10.24,14.3,2.78,19.95,17.91,21.77,7.43,
y38,23/24,1.24,1.27,11.22,4.07,36.24,382.5,288.7,75.48,52.39,133.39,25.5,49.65,58.24,101.76,51.57,38.96,11.24,257.17,120.04,46.68,5.41,1.41,26.1,29.54,6.93,23.47,0.76,0.28,37.14,25.13,3.2,12.8,4.13,1.54,37.37,2.57,0.46,17.8,0.11,0.11,100,11.85,3.41,28.81,3.48,5.91,20.61,3,7.22,14.07,79.7,28.78,36.12,1.89,1.43,11.76,5.15,43.81,75.26,48.17,64.01,59.48,26.52,44.59,4.07,2.24,55.08,45.09,18.24,9.72,1.5,0.07,157.35,99.39,63.17,56.74,51.93,91.53,111.98,93.83,83.79,61.48,29.74,48.37,60.5,33,54.55,79.26,52.02,65.63,3.02,1.13,37.41,27.15,24.04,88.55,9.11,15.72,3.23,16.38,19.56,20.34,9.32,1.43,1.67,11.76,4.87,41.4,333.93,243.93,73.05,47.61,131.91,19.63,45.76,66.52,98.96,42.17,41.96,14.83,257.17,123.35,47.96,3.87,1.3,33.71,33.91,7.37,21.73,1.3,0.56,43.33,21.76,3.22,14.79,4.57,1.37,30,3.22,0.89,27.7,0.17,0.13,75,14.43,4.39,30.42,4.22,6.87,24.2,3.87,8.26,18.39,75.24,27.07,35.97,1.87,1.24,11.22,4.39,39.15,79.72,50.89,63.84,59.48,28.2,47.4,3.41,1.72,50.32,43.91,15.41,12.5,2.17,0.11,139,82.33,59.23,47.09,43.8,93.03,104.37,86.74,83.11,65.26,31.28,47.93,63.2,34.91,55.25,76.28,53.46,70.08,2.26,0.93,41.35,28.48,23.76,83.44,7.72,14.8,2.89,21.07,17.06,22.94,8.93,
y39,23/24,0.97,1.07,8.97,2.81,31.29,259.39,174.81,67.39,42.67,128.87,23.16,42.68,63.03,93.87,45.87,36,12,255.65,119.45,46.73,4.16,0.94,22.48,28.1,5.35,19.06,0.71,0.26,36.36,23.16,2.7,11.84,3.52,0.9,25.69,4.06,1.03,25.4,0.13,0.06,50,12.45,3.65,29.27,3.74,4.77,20.52,2.16,7.74,11.81,66.03,22.55,34.15,2.16,1.29,11.58,4.35,37.6,74.71,47.29,63.3,65.03,30.06,46.23,3.16,1.48,46.94,43,19.26,10.97,1.74,0.1,124.45,69.77,56.07,35.45,32.16,90.72,63.68,48.06,75.48,63.29,30.06,47.5,58.16,29.26,50.31,67.71,45.58,67.32,1.55,0.39,25,26.94,23.13,85.87,9.97,14.23,2.33,24.57,18.55,22.86,10.36,1.29,1.63,11.58,4.13,35.65,361.65,274,75.76,57.33,125.39,21.74,41.84,61.81,99.03,48.94,37.23,12.87,255.65,121.16,47.39,4.42,1.19,27.01,31.74,7,22.05,1.55,0.71,45.83,24.52,3.35,13.68,4.71,1.42,30.14,3.06,0.55,17.89,0.19,0.16,83.33,17.19,5.06,29.46,5.16,7.39,25.74,3.9,9.71,17.65,74.71,27.42,36.7,2.06,0.97,8.97,3.13,34.89,66.03,43.45,65.8,65.03,30.03,46.18,2.65,1.26,47.56,38.55,17.71,11.23,1.45,0.03,145.9,94.03,64.45,50.32,45.71,90.83,117.45,98.45,83.82,63.74,32.29,50.66,64.29,38.81,60.36,77.68,54.42,70.06,1.61,0.61,38,26.42,22.9,86.69,8.61,14.26,3.16,19.36,17.29,22.24,7.42,
y40,23/24,1.07,1.27,11.26,3.91,34.75,321.8,234.15,72.76,49.52,131.89,23.26,48.35,60.28,101.28,49.04,39.09,13.15,260.65,122.7,47.07,5.26,1.63,30.99,29.09,6.83,23.47,1.28,0.52,40.68,23.3,3.4,14.74,4.39,1.28,29.21,3.76,0.74,19.65,0.09,0.07,75,12.13,3.96,32.62,3.89,5.28,21.59,3.83,7.28,13.91,76.43,27.96,36.58,2.37,1.24,11.26,4.43,39.38,71.02,45.17,63.61,66.15,30.54,46.17,2.15,1.15,53.54,46.85,19.35,11.87,1.54,0.02,140.72,84.67,60.17,46.33,42.7,92.16,92.2,76.13,82.57,63.2,29.78,47.13,59.43,31.24,52.56,74.87,50.39,67.31,2.52,0.65,25.86,25.02,22.09,88.27,8.93,14.69,2.8,20.37,19.09,22.18,8.17,1.24,1.38,11.26,4.28,38.03,331.91,241.59,72.79,50.48,130.76,20.8,47.28,62.67,101.26,46.74,40.37,14.15,260.3,122.28,46.98,4.15,1.17,28.27,30.13,7.04,23.38,1.26,0.52,41.38,26.7,3.17,11.89,5.28,1.3,24.69,2.78,0.93,33.59,0.13,0.09,66.67,14.43,4.65,32.23,4.61,6.3,24.2,4.11,8.63,17.15,71,25.74,36.25,2.35,1.07,11.26,4.15,36.87,76.28,48.35,63.38,66,30.2,45.75,3.07,1.52,49.65,40.87,15.72,10.17,1.43,0.07,139.52,84.33,60.44,46.11,41.63,90.29,100.52,82.39,81.96,59.85,28.09,46.93,57.91,30.98,53.49,74.15,49.17,66.31,3.17,1.11,34.93,27.46,23.2,84.48,9.59,14.59,2.85,19.44,17.72,22.24,8.64,
y41,23/24,1.24,1.33,9.96,3.63,36.46,273.43,189.15,69.18,47.52,133.72,24.61,47.35,61.76,93.28,43,37.52,12.76,250.98,118.7,47.29,3.89,1.04,26.82,29.48,6.04,20.5,1.24,0.54,43.86,23.72,2.8,11.64,4.26,1.22,28.57,3.67,0.67,18.34,0.2,0.15,77.78,14.35,4.33,30.15,4.35,5.43,21.76,3.41,8.2,15.52,69,25.02,36.26,2.13,1.37,14.13,5.59,39.54,72.52,45.61,62.89,67.09,31.17,46.47,3.54,1.72,48.47,47.37,21.13,13.41,2.41,0.24,125.74,72.48,57.64,38.5,35.37,91.87,72.35,55.35,76.5,62.2,30.8,49.53,55.85,30.04,53.8,69.24,47,67.88,1.63,0.59,36,27.74,22.93,82.68,9.43,13.87,2.42,23.31,17.78,22.96,7.54,1.37,1.72,14.13,5.26,37.23,325.57,235.8,72.43,52.48,131.63,23.59,47.41,60.63,96.78,45.59,37.52,13.67,250.98,119.02,47.42,5.72,1.74,30.42,31.52,8.74,27.72,1.09,0.52,48,26.5,3.96,14.93,4.96,1.35,27.19,3.85,0.91,23.73,0.17,0.07,37.5,15.98,5.39,33.74,5.17,7.93,26.02,3.61,9.46,19.61,72.52,26.91,37.11,2.13,1.24,9.96,3.76,37.77,68.98,43.96,63.73,67.11,31.09,46.32,2.96,1.57,52.94,42.04,17.76,10.63,1.59,0.07,138.93,83.7,60.24,42.07,38.11,90.59,101.48,82.7,81.49,63.85,31,48.55,59.54,33.33,55.97,77,52.61,68.32,2.35,0.98,41.67,27.59,23.48,85.11,7.98,14.79,2.81,20.97,18.28,22.35,7.81,
y42,23/24,1.24,1.46,11.33,4.22,37.25,302.02,214.76,71.11,48.47,130.2,22.71,44.42,63.07,100.91,49.18,35.82,15.91,257.62,119.87,46.53,4.02,1.07,26.52,31.02,6.69,21.56,1.4,0.53,38.1,25.6,3.5,13.54,4.91,1.44,29.41,3.6,0.89,24.69,0.31,0.11,35.71,17.29,5.53,32.01,5.84,6.8,25.49,3.76,10.84,17.96,78.93,29.2,36.99,1.98,1.56,10.78,4.6,42.68,69,43.38,62.87,62.91,29.31,46.59,4.18,1.8,43.09,45.11,19.73,11.18,1.82,0.04,132.04,79.58,60.27,41.62,37.82,90.87,84.62,65.4,77.28,60.29,29.36,48.69,54.78,29.42,53.71,72.36,47.91,66.22,2.62,1,38.14,26.69,22.29,83.51,8.96,14.47,2.55,20.33,17.4,21.66,8.42,1.56,1.47,10.78,4.18,38.76,335.69,244.22,72.75,51.53,134.24,25.27,44.89,64.09,98.71,47.4,37.93,13.38,257.62,123.84,48.07,4.16,1.36,32.62,30.6,6.31,20.62,1.18,0.62,52.83,25.33,3.20,12.63,4.87,1.4,28.77,3.29,0.78,23.65,0.24,0.2,81.82,14.71,4.18,28.4,4.27,6.8,24.29,3.49,8.71,16.89,69,25.62,37.13,1.78,1.22,11.33,4.36,38.43,78.93,49.73,63.01,62.91,28.78,45.74,4.24,2.18,51.31,46.71,20.91,12.38,1.47,0.09,140.02,84.04,60.02,46.62,42.38,90.9,106.09,86.67,81.69,64.13,29.89,46.6,60.73,32.42,53.38,74.36,49.82,67.01,2.22,0.8,36,27.47,23.6,85.92,9.29,14.69,2.88,20.91,17.76,22.57,7.03,
y43,23/24,1.27,1.25,11.71,3.69,31.5,305.16,222.36,72.87,48.72,122.24,20.16,41.04,61.04,92.49,44.44,34.49,13.56,244.2,112.36,46.01,4.84,1.13,23.39,29.96,7.44,24.85,1.27,0.58,45.61,25.91,3.2,12.26,5.11,1.44,28.26,3.31,0.62,18.79,0.07,0.07,100,16.18,4.71,29.12,4.82,5.6,24.87,3.58,10.36,16.11,69.53,26,37.39,1.84,1.69,13.2,5.47,41.41,66.82,41.96,62.79,63.11,26.78,42.43,4.29,2.22,51.81,43.27,15.93,10.24,1.38,0.11,131.22,79.53,60.61,45.6,42.02,92.15,92.29,75.62,81.94,63.47,31.91,50.28,57.58,31.56,54.81,72.29,50.91,70.43,2.02,0.82,40.66,26.62,22.91,86.06,9.11,14.16,2.65,21.78,18.66,23.78,9.46,1.69,1.82,13.2,5.27,39.9,340.69,257.67,75.63,51.28,121.96,24.24,39.96,57.76,93.47,47.36,34.64,11.47,244.2,116.89,47.87,5.22,1.76,33.62,30.36,7.67,25.26,1.8,0.89,49.38,24.71,3.93,15.92,5.31,1.62,30.54,2.69,0.67,24.79,0.24,0.22,90.91,14.11,4.82,34.17,4.87,8,25.33,4.2,8.24,19.16,66.82,24.87,37.21,2.76,1.27,11.71,4.09,34.91,69.51,43.51,62.6,63.11,31.11,49.3,2.49,1.24,50,43.98,20.78,11.6,1.71,0.11,138.76,87.87,63.32,45.44,42.07,92.57,112,94.93,84.76,56.64,28.56,50.41,58.76,33.22,56.54,76.8,53.69,69.91,3.69,1.4,37.95,24.64,21.18,85.93,10,14.95,3.02,17.83,17.54,22.1,8.79,
y44,23/24,1.28,1.73,13.51,5.05,37.35,280.21,185.56,66.22,47.29,138.84,21.12,48.88,68.84,103.84,44.53,43.72,15.58,276.98,135.28,48.84,5.19,1.47,28.25,32.44,8.05,24.8,1.7,0.68,39.73,24.4,4.0,16.49,6.12,1.95,31.94,3.51,1.02,29.14,0.26,0.14,54.55,17.14,5.51,32.16,5.53,6.95,25.81,4.26,10.4,19.84,71.84,27.81,38.72,2,1.72,11.91,4.4,36.91,81.05,54.33,67.03,73.16,32.58,44.53,3.56,1.98,55.56,45.93,20.44,11.44,1.7,0.09,135.58,76.95,56.76,32.86,29.14,88.68,72.42,52.98,73.15,65.93,30.91,46.88,59.74,30.28,50.68,73.19,49.12,67.11,2.07,0.81,39.33,29.49,24.7,83.75,8.65,14.26,2.3,24.09,17.58,22.34,7.36,1.72,1.38,11.91,4.14,34.77,331.86,239.93,72.3,52.71,141.44,27.84,54.93,58.67,101.47,49.63,39.91,11.93,276.98,126.42,45.64,4.79,1.16,24.27,30.56,7.58,24.81,1.51,0.67,44.62,25.72,3.05,11.84,4.4,1.4,31.75,2.84,0.56,19.67,0.12,0.07,60,12.81,3.84,29.95,3.77,6.56,22.93,3.81,7.33,17.07,81.05,26.72,32.97,1.53,1.28,13.51,5.3,39.24,71.84,44.02,61.28,73.16,35.4,48.38,3.56,1.67,47.06,46.09,20.98,10.58,1.74,0.09,146.53,90.49,61.75,43.6,39.4,90.35,95.4,77.16,80.89,64.47,32.51,50.43,57.95,33.12,57.14,81.74,53.7,65.69,2.84,1.12,39.34,32.05,27.28,85.12,10.19,14.96,2.73,20.6,18.43,21.77,7.2,
y45,23/24,0.91,1.39,11.2,4,35.71,365.62,282.42,77.24,52.4,120.13,19.64,43.98,56.51,94.6,44.87,38.13,11.6,253.56,117.18,46.21,4.53,1,22.06,31.2,7.02,22.51,1,0.49,48.89,23.78,3.3,13.93,4.31,1.31,30.41,2.6,0.64,24.79,0.18,0.09,50,16.13,5,30.99,5.38,6.4,24.76,3.51,10.13,16.29,78.93,28.29,35.84,1.84,1.49,11.87,4.96,41.76,70.96,45.07,63.51,56.82,25.76,45.33,3.42,1.71,50,40.53,17.98,11.67,1.78,0.11,143.67,94.73,65.94,55.22,51.29,92.88,117.8,98.76,83.83,66.11,34.42,52.07,60.49,36.53,60.4,79.42,57.38,72.24,2.02,0.78,38.46,24.02,21.82,90.84,9.11,14.87,3.19,18.59,18.03,22.04,9.48,1.51,1.56,11.87,4.76,40.07,335.18,251.71,75.1,47.6,122.82,19.69,44.07,59.07,93.58,43.44,38.16,11.98,253.56,123.07,48.54,4.62,1.36,29.33,30.02,7.22,24.06,1.2,0.62,51.85,24.78,3.40,13.72,4.91,1.53,31.22,3.16,0.87,27.46,0.24,0.13,54.55,14.38,4.38,30.45,4.58,6.89,24.96,4.07,8.44,17.53,70.96,25.87,36.45,1.87,0.91,11.2,4.18,37.3,78.96,50.64,64.14,56.8,26.76,47.1,3.76,1.84,49.11,40.24,16.78,11,1,0,142.42,90.38,63.46,45.67,42.2,92.41,102.29,85.36,83.45,59.4,29.24,49.23,58.31,33.02,56.63,74.82,53.38,71.34,2.53,1.02,40.35,24.38,21.27,87.24,8.51,14.76,2.97,19.11,17.89,22.01,10.26,
y46,23/24,1.33,1.45,12.53,4.47,35.64,315.71,232.16,73.53,51.96,123.36,19.76,42.62,60.98,93.47,43.22,37.02,13.22,252.2,123.82,49.1,5.18,1.29,24.89,32.11,7.64,23.81,1.18,0.51,43.4,24.13,3.5,14.46,4.91,1.47,29.86,4.16,1.09,26.2,0.2,0.18,88.89,15.82,5.49,34.69,5.36,5.91,24.33,3.27,10.09,16.6,65.53,24.49,37.37,1.89,1.96,11.71,4.73,40.42,70.4,46.33,65.81,68.42,34.2,49.98,3.31,1.62,48.99,40,16.56,10.51,1.98,0.16,133.2,82.24,61.75,44.11,41.24,93.5,100.67,81.51,80.97,63.91,32.6,51.01,59.71,33.42,55.97,77.04,55,71.39,2.09,0.93,44.68,26.93,24.49,90.92,8.87,14.18,2.8,20.94,18.39,23.14,8.36,1.96,1.48,11.71,4.49,38.33,296.44,214.58,72.38,48.04,122.18,22.07,42.47,57.64,93.71,46.07,35.44,12.2,252.2,112.13,44.46,4.47,1.27,28.36,29.42,7.49,25.45,1.24,0.51,41.07,23.2,3.11,13.41,4.67,1.36,29.05,3,0.56,18.52,0.18,0.16,87.5,14.07,4.09,29.07,4.38,6.98,23.42,3.8,7.89,16.36,70.4,24.04,34.15,1.18,1.33,12.53,4.82,38.48,65.53,41.02,62.6,68.42,28.44,41.57,3.49,1.56,44.59,41.8,20.18,11.13,1.64,0.22,131.6,81.58,61.99,38.2,35.24,92.26,88.82,71.42,80.41,58.64,29.13,49.68,55.96,31.27,55.88,72.38,49.78,68.77,2.22,0.93,42,24.36,21.04,86.41,8.98,14.28,2.66,21.14,18.14,22.91,9.13,
y47,23/24,0.96,0.94,7.82,2.98,38.07,243.58,164.96,67.72,42.43,125.6,24.8,42.98,57.82,87.96,42.8,33.47,11.69,246.11,111.02,45.11,3.02,0.98,32.35,24.98,4.73,18.95,0.82,0.22,27.03,24.42,2.4,9.65,4.02,1.02,25.41,3.2,0.64,20.14,0.11,0.07,60,10.98,3.13,28.54,3.4,4.13,17.6,2.36,6.42,11.98,62.69,20.64,32.93,1.76,1.8,14.38,5.98,41.58,68.58,42.04,61.31,66.96,29.13,43.51,3.18,1.44,45.45,45.29,22.04,9.67,1.47,0.04,116.13,65.71,56.58,34.76,31.16,89.64,59.87,45.33,75.72,58.09,27.49,47.32,49.98,25.96,51.93,61.53,40.02,65.04,1.31,0.49,37.29,25.89,20.8,80.34,11.18,13.51,2.21,24.18,17.96,22.89,10.44,1.8,1.86,14.38,5.56,38.64,373.02,286.27,76.74,57.57,122.96,19.62,42.6,60.73,94.4,44.18,37.53,12.69,246.11,119.18,48.42,5.36,1.58,29.46,33.93,9.36,27.57,1.07,0.51,47.92,23.24,3.98,17.11,6.13,1.71,27.9,2.49,0.62,25,0.18,0.09,50,19.96,6.69,33.52,7.04,8.38,30.71,3.96,12.4,22.51,68.58,26.51,38.66,2.51,0.96,7.82,3.16,40.34,62.64,42,67.05,67,32.29,48.19,2.44,1.09,44.55,41.29,17.51,9.89,1.4,0.07,146.93,95.04,64.69,50.91,47.51,93.32,125.89,106.49,84.59,58.84,29.69,50.45,63.36,38,59.98,81.18,58.4,71.94,2.78,1.27,45.6,26.18,22.49,85.91,7.31,14.81,3.33,17.49,17.61,21.93,6.75,
y48,23/24,1,1.14,9.84,3.41,34.64,257.11,165.25,64.27,43.29,138.45,24.2,51.02,63.23,95.34,44.73,38.34,12.27,252.66,118.48,46.89,4.5,1.11,24.75,25.89,6.68,25.81,1.2,0.48,39.62,23.52,2.3,9.76,3.93,0.93,23.7,3.18,0.64,20,0.09,0.05,50,11.48,3.14,27.33,3.23,3.61,18.27,2.5,7.05,11.61,57.98,19.64,33.87,1.36,1.61,13.16,5.2,39.55,76.16,47.66,62.58,74,33.3,44.99,2.95,1.43,48.46,45.43,20.32,10.93,1.61,0.11,125.7,67.02,53.32,32.55,29,89.11,67,48.18,71.91,62.48,27.75,44.42,54.98,26.7,48.57,70.05,43.2,61.68,1.61,0.34,21.13,26.34,20.8,78.95,10.55,13.95,2.23,24.95,19.24,23.65,9.94,1.61,1.6,13.16,4.77,36.27,353.86,257.7,72.83,56.71,139.07,22.7,49.84,66.52,102.41,48.36,41.02,13.02,252.66,119.66,47.36,5.25,1.59,30.3,35.91,8.3,23.1,1.11,0.61,55.1,23.48,3.68,15.68,5.27,1.61,30.6,3.25,0.7,21.68,0.14,0.07,50,16.77,5.34,31.84,5.57,7.68,27.02,3.86,10.18,18.77,76.16,28.48,37.39,3.07,1,9.84,3.64,36.95,57.98,38.34,66.13,74,35.34,47.76,2.86,1.91,66.67,42.3,18.57,9.39,0.93,0.02,148.23,90.57,61.1,50.59,46.23,91.37,106.66,85.3,79.97,68.91,33.59,48.75,65.43,35.09,53.63,78.77,55.07,69.91,2.68,0.93,34.75,30.5,25.68,84.2,8.34,14.41,2.9,20.76,17.89,22.38,7.64,
y49,23/24,1.07,1.39,12.29,4.11,33.45,275.24,187.91,68.27,46.78,133.27,23.16,47.53,62.58,98.84,46,39.78,13.07,260.07,119.44,45.93,5.18,1.31,25.32,29.44,8.18,27.77,1.24,0.71,57.14,22.33,2.7,12.04,5,1.2,24,3.64,0.76,20.73,0.09,0.07,75,14.16,4.24,29.98,4.58,4.91,22.56,3.31,8.56,16.24,66.87,24.16,36.12,2.33,1.58,13.11,4.93,37.63,75.56,47.62,63.03,70.51,29.4,41.7,3.96,1.82,46.07,47.18,19.33,11.78,1.98,0.13,131.47,76.31,58.05,34.2,31,90.64,74.09,56.87,76.75,63,30.69,48.71,57.2,29.73,51.98,71.89,48.89,68.01,1.91,0.67,34.88,25.98,21.91,84.35,10.09,14.17,2.37,23.51,18.71,23.18,7.59,1.58,1.62,13.11,4.58,34.92,315.22,226.84,71.96,53.22,133.67,23.33,48.71,61.62,98.22,45.11,39.64,13.47,260.07,125.44,48.24,5.13,1.47,28.57,31.78,8.27,26.01,1.13,0.42,37.25,26.27,3.58,13.62,5.49,1.53,27.94,3.49,0.6,17.2,0.18,0.13,75,15.78,5.22,33.1,5.44,7.58,25.93,3.87,9.58,20.36,75.58,27.93,36.96,1.4,1.07,12.29,4.42,35.99,66.84,42.69,63.86,70.51,36.22,51.37,3.29,1.58,47.97,43.47,22.16,9.24,1.53,0.16,137.09,83.44,60.87,42.76,39.22,91.74,91.22,73.67,80.76,60.24,29.22,48.51,56.38,30.93,54.87,73.93,50.76,68.65,2.87,1.2,41.86,29.64,25.09,84.63,9.09,14.1,2.62,20.26,17.86,22.28,7.82,